equip_id,equip_type,load,current,stop_reason_code
EQ-N-01,螺杆泵,61.3,26.4,RUNNING
EQ-N-02,螺杆泵,71.8,22.5,RUNNING
EQ-Z-01,螺杆泵,64.9,48.2,RUNNING
EQ-N-03,电泵,77.3,50.4,RUNNING
EQ-N-04,电泵,56.7,73.7,RUNNING
EQ-X-01,螺杆泵,79.3,44.7,RUNNING
EQ-X-02,螺杆泵,90.1,21.5,PUMP
EQ-N-05,电泵,71.1,58.5,BELT
EQ-Z-02,螺杆泵,80.1,61.4,RUNNING
EQ-X-03,电泵,62.7,71.7,RUNNING
EQ-Z-03,电泵,59.7,48.9,RUNNING
EQ-Z-04,电泵,85.2,63.5,PUMP
EQ-N-06,电泵,76.3,35.3,RUNNING
EQ-X-04,螺杆泵,80.5,64.6,BELT
EQ-Z-05,螺杆泵,81.1,27.7,RUNNING
EQ-N-07,电泵,72.3,23.7,BELT
EQ-Z-06,螺杆泵,62.9,56.5,BELT
EQ-N-08,电泵,73.3,77.1,RUNNING
EQ-Z-07,螺杆泵,71.6,36.7,RUNNING
EQ-X-05,电泵,59.6,64.4,RUNNING
EQ-X-06,电泵,62.3,36.1,RUNNING
EQ-Z-08,螺杆泵,89.0,59.9,RUNNING
EQ-X-07,螺杆泵,65.3,41.3,RUNNING
EQ-N-09,电泵,79.8,59.2,RUNNING
EQ-Z-09,电泵,66.8,35.2,RUNNING
EQ-X-08,电泵,70.6,29.5,RUNNING
EQ-Z-10,电泵,75.8,28.9,RUNNING
EQ-N-10,螺杆泵,88.5,24.2,RUNNING
EQ-N-11,电泵,76.2,60.0,RUNNING
EQ-N-12,电泵,74.0,63.0,RUNNING
EQ-X-09,电泵,94.9,67.8,RUNNING
EQ-Z-11,电泵,82.3,64.2,RUNNING
EQ-Z-12,电泵,88.6,33.0,RUNNING
EQ-Z-13,电泵,67.7,66.0,RUNNING
EQ-Z-14,电泵,85.5,68.5,RUNNING
EQ-N-13,电泵,62.8,32.3,BELT
EQ-X-10,螺杆泵,72.6,77.8,RUNNING
EQ-X-11,电泵,63.6,34.4,RUNNING
EQ-X-12,电泵,73.2,30.2,RUNNING
EQ-X-13,螺杆泵,90.8,36.1,RUNNING
EQ-N-14,电泵,82.9,63.5,RUNNING
EQ-N-15,螺杆泵,85.9,70.1,RUNNING
EQ-X-14,电泵,74.5,29.2,RUNNING
EQ-N-16,螺杆泵,80.7,39.4,RUNNING
EQ-X-15,电泵,84.1,57.8,PUMP
EQ-X-16,螺杆泵,63.1,34.7,RUNNING
EQ-Z-15,电泵,80.4,32.2,RUNNING
EQ-Z-16,电泵,80.4,38.6,MOTOR
EQ-N-17,螺杆泵,83.0,59.3,BELT
EQ-Z-17,螺杆泵,86.3,55.4,MOTOR
EQ-Z-18,电泵,89.6,76.4,RUNNING
EQ-N-18,电泵,86.6,62.8,RUNNING
EQ-N-19,螺杆泵,59.0,42.0,RUNNING
EQ-N-20,螺杆泵,55.7,25.3,RUNNING
EQ-Z-19,螺杆泵,76.0,21.4,RUNNING
EQ-X-17,电泵,56.2,60.5,RUNNING
EQ-X-18,电泵,82.9,21.2,RUNNING
EQ-X-19,螺杆泵,81.7,24.4,BELT
EQ-X-20,电泵,83.2,54.5,RUNNING
EQ-Z-20,螺杆泵,89.2,56.1,PUMP
EQ-Z-21,电泵,73.9,20.7,RUNNING
EQ-Z-22,电泵,60.2,50.3,RUNNING
EQ-Z-23,电泵,73.3,39.0,RUNNING
EQ-N-21,螺杆泵,64.0,57.0,RUNNING
EQ-N-22,螺杆泵,66.9,51.0,RUNNING
EQ-N-23,电泵,93.0,64.8,MOTOR
EQ-Z-24,电泵,61.3,40.7,RUNNING
EQ-Z-25,电泵,63.8,68.9,RUNNING
EQ-Z-26,电泵,77.9,71.4,PUMP
EQ-N-24,螺杆泵,92.8,40.8,RUNNING
EQ-X-21,电泵,57.5,34.0,BELT
EQ-Z-27,电泵,68.8,66.0,RUNNING
EQ-X-22,螺杆泵,87.2,35.0,RUNNING
EQ-X-23,螺杆泵,93.9,48.3,RUNNING
EQ-N-25,螺杆泵,62.1,59.7,RUNNING
EQ-X-24,电泵,72.8,58.4,BELT
EQ-Z-28,螺杆泵,85.2,78.1,RUNNING
EQ-Z-29,电泵,79.8,22.1,RUNNING
EQ-Z-30,电泵,55.7,24.1,BELT
EQ-Z-31,电泵,62.7,49.1,RUNNING
EQ-Z-32,电泵,71.4,20.0,RUNNING
EQ-N-26,螺杆泵,87.2,64.9,RUNNING
EQ-N-27,电泵,75.9,27.2,RUNNING
EQ-Z-33,电泵,55.6,65.5,RUNNING
EQ-X-25,螺杆泵,66.7,52.9,RUNNING
EQ-Z-34,电泵,67.5,67.2,PUMP
