injector_well_id,producer_well_id,split_coefficient,response_start_date
X-26,X-01,0.58,2025-09-29
X-26,X-24,0.42,2025-09-29
Z-35,Z-22,0.36,2025-09-18
Z-35,Z-20,0.35,2025-09-18
Z-35,Z-02,0.29,2025-09-18
N-28,N-22,0.26,2025-09-17
N-28,N-04,0.74,2025-09-17
N-29,N-24,1.0,2025-09-18
N-30,N-22,0.61,2025-09-07
N-30,N-12,0.39,2025-09-07
Z-36,Z-08,0.57,2025-09-17
Z-36,Z-32,0.43,2025-09-17
Z-37,Z-10,0.36,2025-09-30
Z-37,Z-26,0.26,2025-09-30
Z-37,Z-19,0.38,2025-09-30
Z-38,Z-19,0.22,2025-09-09
Z-38,Z-01,0.69,2025-09-09
Z-38,Z-16,0.09,2025-09-09
Z-39,Z-08,1.0,2025-09-17
N-31,N-27,1.0,2025-09-23
Z-40,Z-24,1.0,2025-09-21
X-27,X-08,1.0,2025-09-04
N-32,N-12,1.0,2025-09-20
N-33,N-16,0.49,2025-09-24
N-33,N-17,0.38,2025-09-24
N-33,N-25,0.13,2025-09-24
N-34,N-08,0.55,2025-09-05
N-34,N-11,0.45,2025-09-05
N-35,N-27,0.43,2025-09-11
N-35,N-10,0.41,2025-09-11
N-35,N-17,0.16,2025-09-11
X-28,X-11,1.0,2025-09-27
N-36,N-02,0.45,2025-09-01
N-36,N-23,0.2,2025-09-01
N-36,N-05,0.35,2025-09-01
Z-41,Z-32,0.37,2025-09-01
Z-41,Z-01,0.22,2025-09-01
Z-41,Z-33,0.41,2025-09-01
X-29,X-16,0.2,2025-09-04
X-29,X-17,0.8,2025-09-04
N-37,N-23,0.39,2025-09-01
N-37,N-25,0.61,2025-09-01
Z-42,Z-34,1.0,2025-09-03
N-38,N-02,0.53,2025-09-22
N-38,N-15,0.09,2025-09-22
N-38,N-18,0.38,2025-09-22
N-39,N-15,0.39,2025-09-27
N-39,N-06,0.25,2025-09-27
N-39,N-19,0.36,2025-09-27
X-30,X-18,0.49,2025-09-26
X-30,X-07,0.18,2025-09-26
X-30,X-10,0.33,2025-09-26
Z-43,Z-30,1.0,2025-09-27
X-31,X-21,1.0,2025-09-01
N-40,N-07,1.0,2025-09-13
N-41,N-26,0.46,2025-09-09
N-41,N-07,0.54,2025-09-09
N-42,N-03,1.0,2025-09-07
N-43,N-27,0.75,2025-09-08
N-43,N-22,0.25,2025-09-08
Z-44,Z-14,1.0,2025-09-25
N-44,N-03,0.34,2025-09-08
N-44,N-20,0.21,2025-09-08
N-44,N-08,0.45,2025-09-08
Z-45,Z-22,1.0,2025-09-06
