block_name,settle_date,net_weight
渤中,2025-09-01,31763.59
渤中,2025-10-01,32284.63
渤中,2025-11-01,30786.19
渤中,2025-12-01,31434.44
渤中,2026-01-01,30906.0
渤中,2026-02-01,27751.77
渤中,2026-03-01,30076.1
渤中,2026-04-01,28709.62
渤中,2026-05-01,29226.29
渤中,2026-06-01,27843.6
渤中,2026-07-01,28669.13
渤中,2026-08-01,28074.4
渤南,2025-09-01,23104.73
渤南,2025-10-01,23474.31
渤南,2025-11-01,22499.27
渤南,2025-12-01,22946.17
渤南,2026-01-01,22651.88
渤南,2026-02-01,20266.56
渤南,2026-03-01,22221.38
渤南,2026-04-01,21189.93
渤南,2026-05-01,21580.65
渤南,2026-06-01,20614.24
渤南,2026-07-01,20930.31
渤南,2026-08-01,20899.72
渤西,2025-09-01,22074.81
渤西,2025-10-01,22377.04
渤西,2025-11-01,21437.06
渤西,2025-12-01,21675.9
渤西,2026-01-01,21271.27
渤西,2026-02-01,19071.81
渤西,2026-03-01,20738.75
渤西,2026-04-01,19833.91
渤西,2026-05-01,20120.6
渤西,2026-06-01,19273.64
渤西,2026-07-01,19634.91
渤西,2026-08-01,19128.86
