well_id,wellbore_id,measured_depth,completion_type,completion_date
N-01,N-01-B1,1773.640646,筛管完井,2020-09-03
N-02,N-02-B1,3626.256637,射孔完井,2019-08-16
Z-01,Z-01-B1,1585.769114,裸眼完井,2021-01-05
N-03,N-03-B1,1659.537197,筛管完井,2021-04-06
N-04,N-04-B1,3892.244969,射孔完井,2019-10-06
X-01,X-01-B1,2968.997861,射孔完井,2021-03-21
X-02,X-02-B1,4430.649106,射孔完井,2019-11-22
N-05,N-05-B1,1900.108916,裸眼完井,2020-04-30
Z-02,Z-02-B1,3037.206177,筛管完井,2019-08-23
X-03,X-03-B1,1809.562089,筛管完井,2019-07-13
Z-03,Z-03-B1,1544.696193,射孔完井,2021-01-27
Z-04,Z-04-B1,4613.353819,裸眼完井,2019-08-28
N-06,N-06-B1,4773.265766,射孔完井,2019-10-10
X-04,X-04-B1,2517.078158,裸眼完井,2021-01-08
Z-05,Z-05-B1,4166.813398,射孔完井,2019-08-08
N-07,N-07-B1,3243.7333,射孔完井,2020-12-10
Z-06,Z-06-B1,3596.111501,射孔完井,2020-12-29
N-08,N-08-B1,2251.936082,筛管完井,2020-07-11
Z-07,Z-07-B1,3188.155141,射孔完井,2021-03-23
X-05,X-05-B1,4278.83615,筛管完井,2019-12-10
X-06,X-06-B1,4377.653784,射孔完井,2019-09-28
Z-08,Z-08-B1,3093.825451,裸眼完井,2020-05-06
X-07,X-07-B1,2500.538255,射孔完井,2020-07-18
N-09,N-09-B1,3268.139585,射孔完井,2019-09-22
Z-09,Z-09-B1,2128.464061,筛管完井,2020-05-14
X-08,X-08-B1,4389.134533,射孔完井,2020-11-09
Z-10,Z-10-B1,3849.095687,射孔完井,2020-12-02
N-10,N-10-B1,1524.431896,射孔完井,2020-09-27
N-11,N-11-B1,4120.441059,筛管完井,2020-04-15
N-12,N-12-B1,3861.114371,射孔完井,2020-01-02
X-09,X-09-B1,4728.210642,射孔完井,2020-10-26
Z-11,Z-11-B1,3150.910436,射孔完井,2021-04-02
Z-12,Z-12-B1,3506.353244,裸眼完井,2019-12-11
Z-13,Z-13-B1,3428.523421,射孔完井,2019-11-21
Z-14,Z-14-B1,4515.457936,筛管完井,2019-09-21
N-13,N-13-B1,4590.736569,裸眼完井,2020-09-11
X-10,X-10-B1,2215.717805,射孔完井,2020-01-29
X-11,X-11-B1,2102.542804,射孔完井,2020-06-23
X-12,X-12-B1,3482.808526,射孔完井,2019-08-09
X-13,X-13-B1,4442.660947,射孔完井,2021-04-23
N-14,N-14-B1,2073.124274,筛管完井,2019-06-05
N-15,N-15-B1,2030.382921,筛管完井,2019-08-21
X-14,X-14-B1,4083.423322,射孔完井,2020-07-01
N-16,N-16-B1,2460.623616,裸眼完井,2020-10-17
X-15,X-15-B1,1708.730897,射孔完井,2020-09-06
X-16,X-16-B1,3207.154722,射孔完井,2019-12-11
Z-15,Z-15-B1,1601.306437,裸眼完井,2020-06-29
Z-16,Z-16-B1,2984.118201,筛管完井,2021-04-16
N-17,N-17-B1,2365.102801,射孔完井,2020-05-14
Z-17,Z-17-B1,2952.07685,射孔完井,2020-07-15
Z-18,Z-18-B1,1659.928716,射孔完井,2019-09-25
N-18,N-18-B1,2548.972697,筛管完井,2020-08-26
N-19,N-19-B1,3500.273728,射孔完井,2019-05-03
N-20,N-20-B1,3886.032524,筛管完井,2020-12-30
Z-19,Z-19-B1,3189.732176,射孔完井,2019-09-30
X-17,X-17-B1,2898.822183,裸眼完井,2021-03-23
X-18,X-18-B1,3879.60304,射孔完井,2021-01-21
X-19,X-19-B1,2393.559968,射孔完井,2020-03-24
X-20,X-20-B1,2613.678635,射孔完井,2020-02-20
Z-20,Z-20-B1,1775.649521,射孔完井,2021-03-19
Z-21,Z-21-B1,4295.021626,筛管完井,2019-02-28
Z-22,Z-22-B1,2485.528376,射孔完井,2021-03-10
Z-23,Z-23-B1,3380.958014,裸眼完井,2019-12-20
N-21,N-21-B1,3359.049367,筛管完井,2019-12-16
N-22,N-22-B1,3826.184598,裸眼完井,2019-09-19
N-23,N-23-B1,2487.465888,射孔完井,2021-01-29
Z-24,Z-24-B1,2599.247849,射孔完井,2019-03-16
Z-25,Z-25-B1,4255.244015,射孔完井,2019-07-29
Z-26,Z-26-B1,3649.761081,射孔完井,2020-10-28
N-24,N-24-B1,4114.884758,射孔完井,2020-09-15
X-21,X-21-B1,3604.645523,射孔完井,2019-11-15
Z-27,Z-27-B1,2435.779842,射孔完井,2019-11-05
X-22,X-22-B1,4181.019552,裸眼完井,2020-04-06
X-23,X-23-B1,3569.23636,筛管完井,2020-10-31
N-25,N-25-B1,4659.562438,射孔完井,2020-12-24
X-24,X-24-B1,1706.77484,射孔完井,2020-04-20
Z-28,Z-28-B1,2926.303344,射孔完井,2020-04-05
Z-29,Z-29-B1,4568.16894,射孔完井,2019-06-17
Z-30,Z-30-B1,3165.796686,筛管完井,2020-11-10
Z-31,Z-31-B1,2369.884311,裸眼完井,2021-03-18
Z-32,Z-32-B1,1569.311259,筛管完井,2019-12-26
N-26,N-26-B1,4631.100733,射孔完井,2020-02-28
N-27,N-27-B1,2183.545062,裸眼完井,2019-11-18
Z-33,Z-33-B1,2713.89722,射孔完井,2019-12-02
X-25,X-25-B1,3972.361024,裸眼完井,2020-01-20
Z-34,Z-34-B1,4088.638315,射孔完井,2020-09-16
X-26,X-26-B1,4013.056052,射孔完井,2019-10-26
Z-35,Z-35-B1,2182.193969,射孔完井,2019-11-08
N-28,N-28-B1,3539.429901,筛管完井,2020-04-26
N-29,N-29-B1,1761.37777,射孔完井,2021-03-31
N-30,N-30-B1,3983.754205,射孔完井,2020-04-06
Z-36,Z-36-B1,2488.448063,射孔完井,2021-07-06
Z-37,Z-37-B1,2496.953785,射孔完井,2019-12-24
Z-38,Z-38-B1,1504.698667,筛管完井,2019-07-30
Z-39,Z-39-B1,1701.378304,射孔完井,2020-05-12
N-31,N-31-B1,2950.669362,裸眼完井,2020-04-18
Z-40,Z-40-B1,1593.536247,筛管完井,2019-09-29
X-27,X-27-B1,2311.312112,射孔完井,2020-04-29
N-32,N-32-B1,1813.768968,筛管完井,2020-08-11
N-33,N-33-B1,2993.624629,射孔完井,2021-05-26
N-34,N-34-B1,3500.902767,射孔完井,2020-11-07
N-35,N-35-B1,2054.243244,射孔完井,2020-07-23
X-28,X-28-B1,3440.906784,射孔完井,2020-06-02
N-36,N-36-B1,4652.524022,筛管完井,2019-09-13
Z-41,Z-41-B1,4685.64408,射孔完井,2020-11-18
X-29,X-29-B1,3898.504937,裸眼完井,2021-03-07
N-37,N-37-B1,3645.017607,裸眼完井,2021-01-29
Z-42,Z-42-B1,3314.688794,射孔完井,2019-07-07
N-38,N-38-B1,2601.310252,射孔完井,2019-10-20
N-39,N-39-B1,2540.346538,筛管完井,2020-12-21
X-30,X-30-B1,2069.101843,射孔完井,2021-05-24
Z-43,Z-43-B1,1913.511246,射孔完井,2020-02-18
X-31,X-31-B1,1868.328843,射孔完井,2019-10-19
N-40,N-40-B1,2357.409886,筛管完井,2020-10-16
N-41,N-41-B1,3525.064818,射孔完井,2020-07-19
N-42,N-42-B1,1836.9577,射孔完井,2021-04-30
N-43,N-43-B1,4504.410784,筛管完井,2020-11-23
Z-44,Z-44-B1,2663.914925,射孔完井,2020-01-29
N-44,N-44-B1,1521.726324,射孔完井,2020-08-26
Z-45,Z-45-B1,2313.953613,裸眼完井,2020-12-19
