well_id,prod_date,producing_hours,oil_rate,water_rate,gas_rate
QY-8-58,2025-01-01,23.7,26.4034,5.0099,0.453
QY-8-58,2025-01-02,23.6,27.9271,5.0837,0.4705
QY-8-58,2025-01-03,24.0,27.1618,5.0214,0.4639
QY-8-58,2025-01-04,23.6,27.9639,5.1463,0.4763
QY-8-58,2025-01-05,23.2,27.5824,5.3395,0.4865
QY-8-58,2025-01-06,23.6,27.9071,5.5554,0.5115
QY-8-58,2025-01-07,22.8,26.6767,5.3237,0.4526
QY-8-58,2025-01-08,24.0,28.4535,5.6335,0.4847
QY-8-58,2025-01-09,23.5,27.4828,5.4788,0.4734
QY-8-58,2025-01-10,24.0,27.2999,5.3282,0.4819
QY-8-58,2025-01-11,23.4,28.147,5.5993,0.5013
QY-8-58,2025-01-12,23.4,28.5166,5.6436,0.4883
QY-8-58,2025-01-13,24.0,27.7165,5.4391,0.4594
QY-8-58,2025-01-14,24.0,28.9154,5.9495,0.4771
QY-8-58,2025-01-15,23.9,28.1011,5.9549,0.4955
QY-8-58,2025-01-16,24.0,28.9349,6.3628,0.4907
QY-8-58,2025-01-17,24.0,27.6122,5.9415,0.4711
QY-8-58,2025-01-18,24.0,28.4196,6.4863,0.4789
QY-8-58,2025-01-19,24.0,29.502,6.3864,0.4959
QY-8-58,2025-01-20,23.0,26.7101,5.982,0.4595
QY-8-58,2025-01-21,24.0,28.57,6.3044,0.4903
QY-8-58,2025-01-22,24.0,26.6908,6.0065,0.4452
QY-8-58,2025-01-23,24.0,28.3921,6.6122,0.4844
QY-8-58,2025-01-24,24.0,28.2774,6.3681,0.4749
QY-8-58,2025-01-25,23.5,27.5135,6.1094,0.4723
QY-8-58,2025-01-26,23.6,28.1564,7.0039,0.4587
QY-8-58,2025-01-27,23.8,29.6713,6.9224,0.5239
QY-8-58,2025-01-28,24.0,27.4493,6.9207,0.4699
QY-8-58,2025-01-29,23.8,27.9727,6.8943,0.4978
QY-8-58,2025-01-30,23.4,27.7391,6.7164,0.4803
QY-8-58,2025-01-31,24.0,28.7495,7.4039,0.4714
QY-8-58,2025-02-01,23.7,27.607,6.7865,0.4595
QY-8-58,2025-02-02,23.7,25.7432,6.4093,0.4615
QY-8-58,2025-02-03,23.9,28.0345,7.0548,0.5063
QY-8-58,2025-02-04,24.0,28.7205,7.7306,0.4731
QY-8-58,2025-02-05,23.9,27.3649,7.291,0.4541
QY-8-58,2025-02-06,24.0,27.2237,7.0828,0.4868
QY-8-58,2025-02-07,23.3,27.2256,7.2118,0.4744
QY-8-58,2025-02-08,24.0,27.8796,7.4492,0.4629
QY-8-58,2025-02-09,23.9,28.953,7.6728,0.4889
QY-8-58,2025-02-10,23.9,26.5507,7.1514,0.4544
QY-8-58,2025-02-11,23.7,26.069,7.2173,0.4419
QY-8-58,2025-02-12,23.9,27.5393,7.5121,0.477
QY-8-58,2025-02-13,24.0,26.3027,7.5682,0.4498
QY-8-58,2025-02-14,24.0,28.5448,8.33,0.5097
QY-8-58,2025-02-15,24.0,26.8757,8.0221,0.4803
QY-8-58,2025-02-16,24.0,27.9604,7.9133,0.4736
QY-8-58,2025-02-17,23.1,26.2611,7.4343,0.4399
QY-8-58,2025-02-18,24.0,27.5622,7.949,0.4943
QY-8-58,2025-02-19,0.0,0.0,0.0,0.0
QY-8-58,2025-02-20,23.4,26.692,8.3331,0.4457
QY-8-58,2025-02-21,24.0,29.5161,9.4078,0.5219
QY-8-58,2025-02-22,23.8,26.9425,7.8611,0.428
QY-8-58,2025-02-23,23.6,25.6349,8.1038,0.4373
QY-8-58,2025-02-24,24.0,27.3799,8.6253,0.4667
QY-8-58,2025-02-25,23.7,26.3413,8.1728,0.4504
QY-8-58,2025-02-26,23.5,25.563,8.2796,0.4319
QY-8-58,2025-02-27,23.1,26.1857,8.0272,0.4443
QY-8-58,2025-02-28,23.6,26.2195,8.5344,0.4714
QY-8-58,2025-03-01,23.4,26.2357,8.358,0.4663
QY-8-58,2025-03-02,24.0,26.9174,8.8752,0.4515
QY-8-58,2025-03-03,23.4,24.8196,7.9592,0.4139
QY-8-58,2025-03-04,0.0,0.0,0.0,0.0
QY-8-58,2025-03-05,23.8,28.4006,9.3066,0.5042
QY-8-58,2025-03-06,24.0,27.3849,9.2896,0.4607
QY-8-58,2025-03-07,23.5,26.8753,9.5308,0.4803
QY-8-58,2025-03-08,23.6,25.7438,8.6095,0.4286
QY-8-58,2025-03-09,23.5,26.6802,9.203,0.4654
QY-8-58,2025-03-10,23.2,25.3793,8.9366,0.4227
QY-8-58,2025-03-11,23.9,26.5641,9.4674,0.4512
QY-8-58,2025-03-12,23.1,25.3964,9.1179,0.4681
QY-8-58,2025-03-13,24.0,27.9841,10.3437,0.4818
QY-8-58,2025-03-14,24.0,26.2859,9.4298,0.4352
QY-8-58,2025-03-15,23.9,26.8279,10.3081,0.4643
QY-8-58,2025-03-16,23.9,26.9856,9.6751,0.4557
QY-8-58,2025-03-17,23.3,26.2487,8.74,0.4255
QY-8-58,2025-03-18,24.0,26.5554,10.0227,0.4514
QY-8-58,2025-03-19,23.1,26.8456,10.2081,0.4809
QY-8-58,2025-03-20,24.0,28.2769,10.6344,0.4876
QY-8-58,2025-03-21,24.0,27.4662,10.131,0.4594
QY-8-58,2025-03-22,23.8,27.5834,10.3917,0.4853
QY-8-58,2025-03-23,24.0,26.4886,10.1981,0.4374
QY-8-58,2025-03-24,24.0,26.5153,9.7182,0.4574
QY-8-58,2025-03-25,23.3,26.2409,10.1419,0.4354
QY-8-58,2025-03-26,24.0,25.7091,10.309,0.4506
QY-8-58,2025-03-27,24.0,27.1285,10.7926,0.4779
QY-8-58,2025-03-28,24.0,26.0976,10.4104,0.44
QY-8-58,2025-03-29,23.9,25.2545,10.0851,0.4563
QY-8-58,2025-03-30,24.0,26.435,10.6795,0.4343
QY-8-58,2025-03-31,23.4,26.4028,10.8193,0.4699
QY-8-58,2025-04-01,23.0,24.5305,10.5927,0.4192
QY-8-58,2025-04-02,24.0,26.1779,11.1569,0.469
QY-8-58,2025-04-03,24.0,26.2252,11.7227,0.4602
QY-8-58,2025-04-04,23.9,29.0021,12.8855,0.4856
QY-8-58,2025-04-05,24.0,26.1793,11.1358,0.4363
QY-8-58,2025-04-06,23.9,27.0263,11.5655,0.4748
QY-8-58,2025-04-07,24.0,25.5721,11.4728,0.4386
QY-8-58,2025-04-08,23.3,25.4487,11.3076,0.4211
QY-8-58,2025-04-09,23.8,25.4613,11.2724,0.4151
QY-8-58,2025-04-10,23.5,27.5596,11.8189,0.472
QY-8-58,2025-04-11,23.0,24.1339,10.5904,0.4136
QY-8-58,2025-04-12,23.9,26.0395,11.8479,0.4729
QY-8-58,2025-04-13,24.0,27.4161,12.5616,0.4878
QY-8-58,2025-04-14,23.1,25.859,11.5964,0.4125
QY-8-58,2025-04-15,24.0,26.3099,12.2669,0.4434
QY-8-58,2025-04-16,24.0,26.3727,12.7112,0.4427
QY-8-58,2025-04-17,24.0,26.8153,12.4654,0.4641
QY-8-58,2025-04-18,23.6,26.9802,12.0614,0.4572
QY-8-58,2025-04-19,24.0,26.0819,12.1706,0.4384
QY-8-58,2025-04-20,23.1,26.0972,12.0377,0.4606
QY-8-58,2025-04-21,24.0,26.44,12.603,0.4644
QY-8-58,2025-04-22,23.0,24.6326,11.8111,0.4116
QY-8-58,2025-04-23,23.8,27.1705,13.3324,0.4595
QY-8-58,2025-04-24,23.3,26.4714,12.6787,0.4499
QY-8-58,2025-04-25,24.0,27.0205,12.8281,0.4405
QY-8-58,2025-04-26,24.0,27.4781,13.2365,0.4526
QY-8-58,2025-04-27,23.6,25.2987,13.5118,0.4642
QY-8-58,2025-04-28,23.2,24.94,12.5776,0.4273
QY-8-58,2025-04-29,22.7,26.3203,13.1885,0.4422
QY-8-58,2025-04-30,24.0,26.0539,13.7137,0.4478
QY-8-58,2025-05-01,24.0,25.6467,13.473,0.4564
QY-8-58,2025-05-02,24.0,25.9107,13.6317,0.4232
QY-8-58,2025-05-03,22.5,25.7299,13.4338,0.4424
QY-8-58,2025-05-04,24.0,26.1407,13.9438,0.4338
QY-8-58,2025-05-05,23.5,25.0145,12.9726,0.4291
QY-8-58,2025-05-06,23.9,25.2164,13.8737,0.4279
QY-8-58,2025-05-07,23.9,25.4997,13.7398,0.4318
QY-8-58,2025-05-08,24.0,24.8843,13.1157,0.426
QY-8-58,2025-05-09,0.0,0.0,0.0,0.0
QY-8-58,2025-05-10,24.0,24.4819,13.5356,0.4247
QY-8-58,2025-05-11,24.0,24.603,13.5184,0.4109
QY-8-58,2025-05-12,23.4,25.4051,13.6388,0.4217
QY-8-58,2025-05-13,24.0,27.2767,14.8167,0.4569
QY-8-58,2025-05-14,24.0,26.0556,15.0933,0.4405
QY-8-58,2025-05-15,22.8,25.3381,14.1419,0.4338
QY-8-58,2025-05-16,24.0,27.2027,16.775,0.4848
QY-8-58,2025-05-17,24.0,24.932,14.0654,0.3997
QY-8-58,2025-05-18,23.8,25.2805,15.5824,0.4376
QY-8-58,2025-05-19,24.0,25.4598,15.0847,0.4603
QY-8-58,2025-05-20,23.5,24.8296,14.6291,0.4292
QY-8-58,2025-05-21,22.9,25.1259,15.0038,0.4266
QY-8-58,2025-05-22,23.3,24.1428,14.9589,0.3982
QY-8-58,2025-05-23,23.5,23.545,13.6072,0.4008
QY-8-58,2025-05-24,24.0,26.2744,16.0892,0.454
QY-8-58,2025-05-25,23.3,25.2593,16.2558,0.4334
QY-8-58,2025-05-26,23.1,25.2974,16.0194,0.422
QY-8-58,2025-05-27,22.5,23.8676,14.9453,0.4012
QY-8-58,2025-05-28,24.0,25.2083,15.5882,0.4403
QY-8-58,2025-05-29,23.8,24.5835,15.5313,0.4063
QY-8-58,2025-05-30,23.2,25.1332,16.3031,0.419
QY-8-58,2025-05-31,22.6,23.5661,14.2062,0.4048
QY-8-58,2025-06-01,24.0,24.7909,16.1008,0.4124
QY-8-58,2025-06-02,23.2,24.5742,15.2679,0.4307
QY-8-58,2025-06-03,23.5,26.2321,17.2031,0.4646
QY-8-58,2025-06-04,24.0,25.6698,16.8863,0.4392
QY-8-58,2025-06-05,23.7,24.5476,16.3134,0.4024
QY-8-58,2025-06-06,23.6,25.8827,16.7207,0.4533
QY-8-58,2025-06-07,23.4,24.5968,16.721,0.4387
QY-8-58,2025-06-08,24.0,24.8497,16.1802,0.4404
QY-8-58,2025-06-09,23.9,25.0354,16.2896,0.4416
QY-8-58,2025-06-10,23.2,24.9245,16.5621,0.4167
QY-8-58,2025-06-11,24.0,24.7609,16.9091,0.4225
QY-8-58,2025-06-12,23.6,24.226,16.3713,0.4181
QY-8-58,2025-06-13,24.0,25.5584,17.678,0.4191
QY-8-58,2025-06-14,23.4,24.2337,16.8696,0.3895
QY-8-58,2025-06-15,23.5,24.0884,17.0834,0.4061
QY-8-58,2025-06-16,24.0,26.3632,19.1126,0.4449
QY-8-58,2025-06-17,23.0,23.2333,16.1415,0.4149
QY-8-58,2025-06-18,23.7,23.5513,16.8839,0.409
QY-8-58,2025-06-19,24.0,25.2936,18.2927,0.4144
QY-8-58,2025-06-20,23.1,23.7128,17.0628,0.4043
QY-8-58,2025-06-21,23.8,25.0439,17.847,0.4403
QY-8-58,2025-06-22,23.9,24.9346,18.506,0.4553
QY-8-58,2025-06-23,24.0,25.7266,19.4862,0.4376
QY-8-58,2025-06-24,23.6,24.2483,18.0517,0.4106
QY-8-58,2025-06-25,23.5,25.0187,17.7443,0.4233
QY-8-58,2025-06-26,23.5,25.9687,20.3966,0.4576
QY-8-58,2025-06-27,24.0,24.3083,18.1842,0.4224
QY-8-58,2025-06-28,23.9,24.3546,19.1081,0.4287
QY-8-58,2025-06-29,24.0,25.2977,19.5142,0.4326
QY-8-58,2025-06-30,24.0,24.07,18.4722,0.4103
QY-8-58,2025-07-01,23.6,24.7133,18.8665,0.4266
QY-8-58,2025-07-02,23.7,25.3201,19.7257,0.4264
QY-8-58,2025-07-03,23.6,24.6371,20.1694,0.4228
QY-8-58,2025-07-04,23.9,24.1488,18.4821,0.4166
QY-8-58,2025-07-05,23.8,25.8997,20.2513,0.4525
QY-8-58,2025-07-06,23.7,25.2024,19.9428,0.4212
QY-8-58,2025-07-07,23.9,24.0399,19.9178,0.4204
QY-8-58,2025-07-08,23.7,23.8807,19.4227,0.4149
QY-8-58,2025-07-09,23.2,24.9215,20.0759,0.4315
QY-8-58,2025-07-10,23.8,24.2289,19.1273,0.4248
QY-8-58,2025-07-11,23.9,24.6891,21.0247,0.3957
QY-8-58,2025-07-12,23.1,23.6838,19.2554,0.4072
QY-8-58,2025-07-13,24.0,24.7223,19.5364,0.4461
QY-8-58,2025-07-14,24.0,25.0446,20.4077,0.4254
QY-8-58,2025-07-15,23.5,25.0919,21.5733,0.4626
QY-8-58,2025-07-16,23.6,23.1054,20.1886,0.3834
QY-8-58,2025-07-17,23.5,24.4401,21.0042,0.4116
QY-8-58,2025-07-18,24.0,24.7714,21.1415,0.4252
QY-8-58,2025-07-19,24.0,25.0358,21.8079,0.4295
QY-8-58,2025-07-20,0.0,0.0,0.0,0.0
QY-8-58,2025-07-21,23.2,23.7038,20.924,0.4141
QY-8-58,2025-07-22,23.9,26.0555,23.5101,0.4179
QY-8-58,2025-07-23,23.6,22.2241,20.6279,0.3927
QY-8-58,2025-07-24,24.0,24.5805,21.1911,0.4018
QY-8-58,2025-07-25,23.6,23.8058,21.0273,0.3826
QY-8-58,2025-07-26,23.7,23.3937,20.7677,0.3929
QY-8-58,2025-07-27,24.0,23.5842,21.5005,0.4132
QY-8-58,2025-07-28,23.5,22.7597,21.1643,0.4028
QY-8-58,2025-07-29,24.0,24.428,23.2471,0.4182
QY-8-58,2025-07-30,23.9,24.0088,22.2595,0.4451
QY-8-58,2025-07-31,24.0,23.6852,22.3887,0.4169
QY-8-58,2025-08-01,23.3,24.9139,23.1032,0.4241
QY-8-58,2025-08-02,23.8,24.4704,21.3139,0.3968
QY-8-58,2025-08-03,22.9,23.3831,22.5546,0.4049
QY-8-58,2025-08-04,23.8,24.0538,22.2221,0.403
QY-8-58,2025-08-05,24.0,25.1019,24.145,0.4156
QY-8-58,2025-08-06,23.9,24.5021,24.3028,0.4259
QY-8-58,2025-08-07,23.4,23.1727,23.6464,0.3923
QY-8-58,2025-08-08,24.0,23.5707,23.6531,0.3985
QY-8-58,2025-08-09,22.9,22.8164,22.6924,0.3883
QY-8-58,2025-08-10,24.0,24.5955,24.5886,0.4121
QY-8-58,2025-08-11,24.0,23.9178,23.9014,0.412
QY-8-58,2025-08-12,24.0,23.7223,24.0426,0.4156
QY-8-58,2025-08-13,24.0,24.956,27.1994,0.4509
QY-8-58,2025-08-14,22.8,22.7296,23.8174,0.4107
QY-8-58,2025-08-15,23.1,23.1661,23.4064,0.3983
QY-8-58,2025-08-16,23.7,23.4276,25.0259,0.4028
QY-8-58,2025-08-17,24.0,23.9251,24.0514,0.4074
QY-8-58,2025-08-18,24.0,24.5844,24.7543,0.4277
QY-8-58,2025-08-19,23.6,24.9029,26.6579,0.406
QY-8-58,2025-08-20,22.7,22.3206,23.1296,0.3789
QY-8-58,2025-08-21,24.0,25.5515,27.7324,0.4231
QY-8-58,2025-08-22,24.0,24.0613,26.4971,0.4197
QY-8-58,2025-08-23,23.9,23.7088,25.4777,0.4085
QY-8-58,2025-08-24,22.9,22.4167,25.1287,0.3858
QY-8-58,2025-08-25,23.4,23.2075,24.9691,0.3936
QY-8-58,2025-08-26,24.0,23.0122,25.5727,0.3846
QY-8-58,2025-08-27,24.0,22.9753,25.6292,0.3872
QY-8-58,2025-08-28,24.0,24.975,26.2069,0.4301
QY-8-58,2025-08-29,23.8,24.5433,27.4045,0.442
QY-8-58,2025-08-30,23.9,24.139,27.1316,0.4213
QY-8-58,2025-08-31,0.0,0.0,0.0,0.0
QY-8-58,2025-09-01,23.9,22.6949,26.592,0.3901
QY-8-58,2025-09-02,23.7,22.7015,25.6856,0.3857
QY-8-58,2025-09-03,23.6,22.816,26.5129,0.3851
QY-8-58,2025-09-04,23.9,22.6526,26.7707,0.4069
QY-8-58,2025-09-05,23.3,23.1876,27.3294,0.4109
QY-8-58,2025-09-06,24.0,25.1137,29.4133,0.4227
QY-8-58,2025-09-07,23.2,22.4602,25.4575,0.3843
QY-8-58,2025-09-08,24.0,23.4781,28.3872,0.4056
QY-8-58,2025-09-09,23.4,24.6724,29.6446,0.4449
QY-8-58,2025-09-10,24.0,23.4676,28.9629,0.41
QY-8-58,2025-09-11,23.7,22.4713,27.9143,0.3923
QY-8-58,2025-09-12,23.5,22.3422,28.745,0.3805
QY-8-58,2025-09-13,24.0,24.2339,30.0083,0.4054
QY-8-58,2025-09-14,23.9,23.3147,27.8546,0.3854
QY-8-58,2025-09-15,23.0,22.5407,27.9713,0.3688
QY-8-58,2025-09-16,23.8,22.7613,28.1642,0.3945
QY-8-58,2025-09-17,24.0,23.7008,29.6492,0.416
QY-8-58,2025-09-18,22.9,22.4127,28.5097,0.3952
QY-8-58,2025-09-19,24.0,23.7278,31.2504,0.425
QY-8-58,2025-09-20,23.7,24.0705,30.8075,0.4216
QY-8-58,2025-09-21,24.0,24.2917,31.4396,0.426
QY-8-58,2025-09-22,23.8,23.1301,28.4051,0.3927
QY-8-58,2025-09-23,23.6,23.5373,30.2962,0.4187
QY-8-58,2025-09-24,23.7,23.409,32.868,0.3959
QY-8-58,2025-09-25,23.7,23.4907,31.2287,0.3967
QY-8-58,2025-09-26,23.9,23.8136,31.9021,0.4013
QY-8-58,2025-09-27,24.0,23.9519,34.0373,0.415
QY-8-58,2025-09-28,24.0,23.8769,31.175,0.3956
QY-8-58,2025-09-29,24.0,23.6566,31.4905,0.398
QY-8-58,2025-09-30,23.8,23.9142,33.7404,0.4096
QY-8-58,2025-10-01,23.7,23.499,31.5617,0.3986
QY-8-58,2025-10-02,24.0,23.012,30.9575,0.3965
QY-8-58,2025-10-03,24.0,22.9996,31.7328,0.3797
QY-8-58,2025-10-04,24.0,22.5148,31.318,0.3768
QY-8-58,2025-10-05,23.7,22.3242,30.183,0.3654
QY-8-58,2025-10-06,24.0,23.0855,32.84,0.3794
QY-8-58,2025-10-07,23.5,24.0048,33.9247,0.407
QY-8-58,2025-10-08,23.4,22.5399,35.399,0.4029
QY-8-58,2025-10-09,23.5,21.6442,30.8765,0.3645
QY-8-58,2025-10-10,24.0,23.1756,34.5074,0.3968
QY-8-58,2025-10-11,24.0,23.3906,33.4826,0.4127
QY-8-58,2025-10-12,23.7,22.7907,33.9255,0.3901
QY-8-58,2025-10-13,24.0,21.7309,32.4416,0.3695
QY-8-58,2025-10-14,24.0,22.6352,32.4657,0.3751
QY-8-58,2025-10-15,24.0,24.0224,36.0982,0.4203
QY-8-58,2025-10-16,23.9,22.4439,35.7779,0.385
QY-8-58,2025-10-17,24.0,23.7597,36.1942,0.3894
QY-8-58,2025-10-18,24.0,23.9711,37.702,0.3939
QY-8-58,2025-10-19,22.8,22.7211,36.2641,0.3888
QY-8-58,2025-10-20,23.8,23.2832,35.398,0.4131
QY-8-58,2025-10-21,23.9,22.452,35.1078,0.3889
QY-8-58,2025-10-22,23.8,23.1753,35.1045,0.3952
QY-8-58,2025-10-23,23.9,24.2335,38.5535,0.4284
QY-8-58,2025-10-24,24.0,22.5428,35.9165,0.4101
QY-8-58,2025-10-25,22.9,21.7628,36.0741,0.3948
QY-8-58,2025-10-26,23.3,21.5214,34.5703,0.3735
QY-8-58,2025-10-27,23.7,22.8572,39.1742,0.3928
QY-8-58,2025-10-28,23.9,23.2083,37.4337,0.4162
QY-8-58,2025-10-29,23.8,22.9129,38.2186,0.3823
QY-8-58,2025-10-30,23.5,22.1331,35.1283,0.3684
QY-8-58,2025-10-31,23.3,23.1598,39.4082,0.3815
QY-8-58,2025-11-01,24.0,22.4939,40.7302,0.4032
QY-8-58,2025-11-02,23.9,23.4128,39.2144,0.4268
QY-8-58,2025-11-03,23.7,22.9982,39.6171,0.3978
QY-8-58,2025-11-04,23.6,21.8618,36.9887,0.3722
QY-8-58,2025-11-05,23.5,22.0743,38.2998,0.3577
QY-8-58,2025-11-06,23.4,22.5621,39.7433,0.3809
QY-8-58,2025-11-07,0.0,0.0,0.0,0.0
QY-8-58,2025-11-08,24.0,21.5523,38.3853,0.3605
QY-8-58,2025-11-09,23.8,21.8343,38.9616,0.369
QY-8-58,2025-11-10,23.4,21.8891,37.5805,0.3816
QY-8-58,2025-11-11,24.0,22.6746,40.2264,0.3703
QY-8-58,2025-11-12,23.6,21.8112,38.7966,0.3715
QY-8-58,2025-11-13,24.0,23.7711,43.5941,0.4265
QY-8-58,2025-11-14,24.0,22.5405,42.307,0.3736
QY-8-58,2025-11-15,23.7,21.9708,40.4909,0.3735
QY-8-58,2025-11-16,23.6,22.2145,38.9893,0.395
QY-8-58,2025-11-17,23.2,20.9131,40.5347,0.3719
QY-8-58,2025-11-18,24.0,21.9251,42.4455,0.3634
QY-8-58,2025-11-19,24.0,22.5029,42.8214,0.3871
QY-8-58,2025-11-20,23.9,23.0436,45.1659,0.3859
QY-8-58,2025-11-21,23.9,23.2844,46.9948,0.4074
QY-8-58,2025-11-22,23.7,21.2089,43.5598,0.372
QY-8-58,2025-11-23,24.0,23.7166,46.4545,0.4045
QY-8-58,2025-11-24,24.0,22.3548,45.6634,0.3834
QY-8-58,2025-11-25,24.0,21.9261,44.8051,0.3781
QY-8-58,2025-11-26,23.1,21.7236,43.7504,0.3753
QY-8-58,2025-11-27,24.0,22.6583,44.0938,0.4049
QY-8-58,2025-11-28,23.7,22.1783,45.8141,0.3827
QY-8-58,2025-11-29,22.8,20.9076,44.9637,0.3438
QY-8-58,2025-11-30,23.9,22.4357,43.9255,0.3872
QY-8-58,2025-12-01,23.2,20.9175,43.1628,0.3574
QY-8-58,2025-12-02,23.4,21.5314,45.2773,0.3664
QY-8-58,2025-12-03,23.5,22.4088,49.3604,0.3947
QY-8-58,2025-12-04,22.9,21.5254,45.3937,0.387
QY-8-58,2025-12-05,23.0,21.5549,46.6858,0.3522
QY-8-58,2025-12-06,23.7,22.4744,48.2591,0.3794
QY-8-58,2025-12-07,24.0,21.8363,49.1394,0.3784
QY-8-58,2025-12-08,24.0,22.0227,49.3851,0.3898
QY-8-58,2025-12-09,24.0,22.0311,47.2383,0.3749
QY-8-58,2025-12-10,24.0,21.8459,47.7521,0.359
QY-8-58,2025-12-11,24.0,21.4134,48.0373,0.3612
QY-8-58,2025-12-12,23.8,21.9631,48.2513,0.3919
QY-8-58,2025-12-13,23.7,21.8433,46.3434,0.3513
QY-8-58,2025-12-14,23.8,23.9145,53.0103,0.3846
QY-8-58,2025-12-15,23.8,22.2019,54.3897,0.3858
QY-8-58,2025-12-16,23.6,20.484,46.7324,0.3471
QY-8-58,2025-12-17,23.7,20.8256,50.1499,0.371
QY-8-58,2025-12-18,22.9,20.7471,49.6386,0.3516
QY-8-58,2025-12-19,23.7,21.4877,49.5995,0.3745
QY-8-58,2025-12-20,24.0,22.477,54.5341,0.3776
QY-8-58,2025-12-21,23.7,22.088,55.3337,0.3962
QY-8-58,2025-12-22,24.0,22.5535,54.236,0.373
QY-8-58,2025-12-23,23.5,22.0514,52.3817,0.3513
QY-8-58,2025-12-24,22.9,21.5738,51.9704,0.3754
QY-8-58,2025-12-25,23.5,20.7331,51.1242,0.3455
QY-8-58,2025-12-26,23.4,20.9096,52.9522,0.3407
QY-8-58,2025-12-27,23.6,22.8087,55.6784,0.4067
QY-8-58,2025-12-28,24.0,21.3434,53.3302,0.3796
QY-8-58,2025-12-29,23.7,20.9904,51.8555,0.3703
QY-8-58,2025-12-30,23.3,20.8564,53.2189,0.36
QY-8-58,2025-12-31,24.0,20.6485,53.4194,0.3481
