well_id,channel_id,reading_date,value
QY-8-58,QY-8-58-WHP,2025-01-01,18.369
QY-8-58,QY-8-58-WHP,2025-01-02,19.622
QY-8-58,QY-8-58-WHP,2025-01-03,19.631
QY-8-58,QY-8-58-WHP,2025-01-04,19.689
QY-8-58,QY-8-58-WHP,2025-01-05,19.3
QY-8-58,QY-8-58-WHP,2025-01-06,19.886
QY-8-58,QY-8-58-WHP,2025-01-07,19.377
QY-8-58,QY-8-58-WHP,2025-01-08,20.276
QY-8-58,QY-8-58-WHP,2025-01-09,19.613
QY-8-58,QY-8-58-WHP,2025-01-10,18.796
QY-8-58,QY-8-58-WHP,2025-01-11,20.239
QY-8-58,QY-8-58-WHP,2025-01-12,20.458
QY-8-58,QY-8-58-WHP,2025-01-13,19.687
QY-8-58,QY-8-58-WHP,2025-01-14,20.785
QY-8-58,QY-8-58-WHP,2025-01-15,19.672
QY-8-58,QY-8-58-WHP,2025-01-16,20.852
QY-8-58,QY-8-58-WHP,2025-01-17,19.59
QY-8-58,QY-8-58-WHP,2025-01-18,19.615
QY-8-58,QY-8-58-WHP,2025-01-19,20.942
QY-8-58,QY-8-58-WHP,2025-01-20,18.582
QY-8-58,QY-8-58-WHP,2025-01-21,20.157
QY-8-58,QY-8-58-WHP,2025-01-22,18.285
QY-8-58,QY-8-58-WHP,2025-01-23,20.23
QY-8-58,QY-8-58-WHP,2025-01-24,19.746
QY-8-58,QY-8-58-WHP,2025-01-25,19.952
QY-8-58,QY-8-58-WHP,2025-01-26,19.427
QY-8-58,QY-8-58-WHP,2025-01-27,20.612
QY-8-58,QY-8-58-WHP,2025-01-28,20.056
QY-8-58,QY-8-58-WHP,2025-01-29,19.733
QY-8-58,QY-8-58-WHP,2025-01-30,19.83
QY-8-58,QY-8-58-WHP,2025-01-31,20.568
QY-8-58,QY-8-58-WHP,2025-02-01,19.564
QY-8-58,QY-8-58-WHP,2025-02-02,18.233
QY-8-58,QY-8-58-WHP,2025-02-03,20.416
QY-8-58,QY-8-58-WHP,2025-02-04,20.549
QY-8-58,QY-8-58-WHP,2025-02-05,18.86
QY-8-58,QY-8-58-WHP,2025-02-06,19.5
QY-8-58,QY-8-58-WHP,2025-02-07,19.954
QY-8-58,QY-8-58-WHP,2025-02-08,20.326
QY-8-58,QY-8-58-WHP,2025-02-09,21.115
QY-8-58,QY-8-58-WHP,2025-02-10,19.051
QY-8-58,QY-8-58-WHP,2025-02-11,18.269
QY-8-58,QY-8-58-WHP,2025-02-12,20.231
QY-8-58,QY-8-58-WHP,2025-02-13,18.877
QY-8-58,QY-8-58-WHP,2025-02-14,20.231
QY-8-58,QY-8-58-WHP,2025-02-15,18.411
QY-8-58,QY-8-58-WHP,2025-02-16,19.926
QY-8-58,QY-8-58-WHP,2025-02-17,19.062
QY-8-58,QY-8-58-WHP,2025-02-18,19.745
QY-8-58,QY-8-58-WHP,2025-02-19,24.068
QY-8-58,QY-8-58-WHP,2025-02-20,19.344
QY-8-58,QY-8-58-WHP,2025-02-21,21.381
QY-8-58,QY-8-58-WHP,2025-02-22,19.016
QY-8-58,QY-8-58-WHP,2025-02-23,18.426
QY-8-58,QY-8-58-WHP,2025-02-24,18.682
QY-8-58,QY-8-58-WHP,2025-02-25,18.491
QY-8-58,QY-8-58-WHP,2025-02-26,18.325
QY-8-58,QY-8-58-WHP,2025-02-27,18.578
QY-8-58,QY-8-58-WHP,2025-02-28,18.421
QY-8-58,QY-8-58-WHP,2025-03-01,18.48
QY-8-58,QY-8-58-WHP,2025-03-02,19.341
QY-8-58,QY-8-58-WHP,2025-03-03,17.75
QY-8-58,QY-8-58-WHP,2025-03-04,24.068
QY-8-58,QY-8-58-WHP,2025-03-05,20.296
QY-8-58,QY-8-58-WHP,2025-03-06,19.631
QY-8-58,QY-8-58-WHP,2025-03-07,18.64
QY-8-58,QY-8-58-WHP,2025-03-08,18.814
QY-8-58,QY-8-58-WHP,2025-03-09,19.008
QY-8-58,QY-8-58-WHP,2025-03-10,17.513
QY-8-58,QY-8-58-WHP,2025-03-11,19.232
QY-8-58,QY-8-58-WHP,2025-03-12,17.565
QY-8-58,QY-8-58-WHP,2025-03-13,19.687
QY-8-58,QY-8-58-WHP,2025-03-14,19.011
QY-8-58,QY-8-58-WHP,2025-03-15,18.956
QY-8-58,QY-8-58-WHP,2025-03-16,19.276
QY-8-58,QY-8-58-WHP,2025-03-17,18.43
QY-8-58,QY-8-58-WHP,2025-03-18,19.086
QY-8-58,QY-8-58-WHP,2025-03-19,18.675
QY-8-58,QY-8-58-WHP,2025-03-20,19.974
QY-8-58,QY-8-58-WHP,2025-03-21,19.783
QY-8-58,QY-8-58-WHP,2025-03-22,19.597
QY-8-58,QY-8-58-WHP,2025-03-23,18.41
QY-8-58,QY-8-58-WHP,2025-03-24,18.555
QY-8-58,QY-8-58-WHP,2025-03-25,19.351
QY-8-58,QY-8-58-WHP,2025-03-26,18.306
QY-8-58,QY-8-58-WHP,2025-03-27,19.927
QY-8-58,QY-8-58-WHP,2025-03-28,17.972
QY-8-58,QY-8-58-WHP,2025-03-29,18.111
QY-8-58,QY-8-58-WHP,2025-03-30,18.598
QY-8-58,QY-8-58-WHP,2025-03-31,18.652
QY-8-58,QY-8-58-WHP,2025-04-01,17.079
QY-8-58,QY-8-58-WHP,2025-04-02,18.569
QY-8-58,QY-8-58-WHP,2025-04-03,18.796
QY-8-58,QY-8-58-WHP,2025-04-04,20.856
QY-8-58,QY-8-58-WHP,2025-04-05,18.747
QY-8-58,QY-8-58-WHP,2025-04-06,19.102
QY-8-58,QY-8-58-WHP,2025-04-07,17.982
QY-8-58,QY-8-58-WHP,2025-04-08,17.557
QY-8-58,QY-8-58-WHP,2025-04-09,18.304
QY-8-58,QY-8-58-WHP,2025-04-10,19.508
QY-8-58,QY-8-58-WHP,2025-04-11,17.411
QY-8-58,QY-8-58-WHP,2025-04-12,18.562
QY-8-58,QY-8-58-WHP,2025-04-13,19.955
QY-8-58,QY-8-58-WHP,2025-04-14,18.726
QY-8-58,QY-8-58-WHP,2025-04-15,18.89
QY-8-58,QY-8-58-WHP,2025-04-16,18.935
QY-8-58,QY-8-58-WHP,2025-04-17,19.489
QY-8-58,QY-8-58-WHP,2025-04-18,19.061
QY-8-58,QY-8-58-WHP,2025-04-19,18.171
QY-8-58,QY-8-58-WHP,2025-04-20,19.003
QY-8-58,QY-8-58-WHP,2025-04-21,18.37
QY-8-58,QY-8-58-WHP,2025-04-22,17.354
QY-8-58,QY-8-58-WHP,2025-04-23,19.079
QY-8-58,QY-8-58-WHP,2025-04-24,18.252
QY-8-58,QY-8-58-WHP,2025-04-25,18.84
QY-8-58,QY-8-58-WHP,2025-04-26,19.101
QY-8-58,QY-8-58-WHP,2025-04-27,18.201
QY-8-58,QY-8-58-WHP,2025-04-28,18.34
QY-8-58,QY-8-58-WHP,2025-04-29,18.968
QY-8-58,QY-8-58-WHP,2025-04-30,18.179
QY-8-58,QY-8-58-WHP,2025-05-01,18.32
QY-8-58,QY-8-58-WHP,2025-05-02,18.273
QY-8-58,QY-8-58-WHP,2025-05-03,18.711
QY-8-58,QY-8-58-WHP,2025-05-04,18.942
QY-8-58,QY-8-58-WHP,2025-05-05,17.837
QY-8-58,QY-8-58-WHP,2025-05-06,17.549
QY-8-58,QY-8-58-WHP,2025-05-07,18.713
QY-8-58,QY-8-58-WHP,2025-05-08,17.952
QY-8-58,QY-8-58-WHP,2025-05-09,24.068
QY-8-58,QY-8-58-WHP,2025-05-10,17.485
QY-8-58,QY-8-58-WHP,2025-05-11,17.727
QY-8-58,QY-8-58-WHP,2025-05-12,17.748
QY-8-58,QY-8-58-WHP,2025-05-13,19.366
QY-8-58,QY-8-58-WHP,2025-05-14,19.403
QY-8-58,QY-8-58-WHP,2025-05-15,18.37
QY-8-58,QY-8-58-WHP,2025-05-16,19.154
QY-8-58,QY-8-58-WHP,2025-05-17,17.888
QY-8-58,QY-8-58-WHP,2025-05-18,18.623
QY-8-58,QY-8-58-WHP,2025-05-19,17.775
QY-8-58,QY-8-58-WHP,2025-05-20,18.317
QY-8-58,QY-8-58-WHP,2025-05-21,17.456
QY-8-58,QY-8-58-WHP,2025-05-22,17.235
QY-8-58,QY-8-58-WHP,2025-05-23,16.299
QY-8-58,QY-8-58-WHP,2025-05-24,18.772
QY-8-58,QY-8-58-WHP,2025-05-25,17.648
QY-8-58,QY-8-58-WHP,2025-05-26,18.797
QY-8-58,QY-8-58-WHP,2025-05-27,17.242
QY-8-58,QY-8-58-WHP,2025-05-28,17.959
QY-8-58,QY-8-58-WHP,2025-05-29,17.68
QY-8-58,QY-8-58-WHP,2025-05-30,17.962
QY-8-58,QY-8-58-WHP,2025-05-31,16.87
QY-8-58,QY-8-58-WHP,2025-06-01,17.912
QY-8-58,QY-8-58-WHP,2025-06-02,18.102
QY-8-58,QY-8-58-WHP,2025-06-03,18.313
QY-8-58,QY-8-58-WHP,2025-06-04,17.895
QY-8-58,QY-8-58-WHP,2025-06-05,17.379
QY-8-58,QY-8-58-WHP,2025-06-06,18.189
QY-8-58,QY-8-58-WHP,2025-06-07,17.469
QY-8-58,QY-8-58-WHP,2025-06-08,17.52
QY-8-58,QY-8-58-WHP,2025-06-09,17.995
QY-8-58,QY-8-58-WHP,2025-06-10,17.499
QY-8-58,QY-8-58-WHP,2025-06-11,17.537
QY-8-58,QY-8-58-WHP,2025-06-12,16.834
QY-8-58,QY-8-58-WHP,2025-06-13,17.994
QY-8-58,QY-8-58-WHP,2025-06-14,16.826
QY-8-58,QY-8-58-WHP,2025-06-15,17.495
QY-8-58,QY-8-58-WHP,2025-06-16,18.773
QY-8-58,QY-8-58-WHP,2025-06-17,16.938
QY-8-58,QY-8-58-WHP,2025-06-18,16.886
QY-8-58,QY-8-58-WHP,2025-06-19,18.018
QY-8-58,QY-8-58-WHP,2025-06-20,16.864
QY-8-58,QY-8-58-WHP,2025-06-21,17.846
QY-8-58,QY-8-58-WHP,2025-06-22,17.822
QY-8-58,QY-8-58-WHP,2025-06-23,18.055
QY-8-58,QY-8-58-WHP,2025-06-24,17.1
QY-8-58,QY-8-58-WHP,2025-06-25,18.134
QY-8-58,QY-8-58-WHP,2025-06-26,18.402
QY-8-58,QY-8-58-WHP,2025-06-27,17.318
QY-8-58,QY-8-58-WHP,2025-06-28,17.49
QY-8-58,QY-8-58-WHP,2025-06-29,17.461
QY-8-58,QY-8-58-WHP,2025-06-30,17.502
QY-8-58,QY-8-58-WHP,2025-07-01,17.885
QY-8-58,QY-8-58-WHP,2025-07-02,17.94
QY-8-58,QY-8-58-WHP,2025-07-03,17.792
QY-8-58,QY-8-58-WHP,2025-07-04,17.224
QY-8-58,QY-8-58-WHP,2025-07-05,18.713
QY-8-58,QY-8-58-WHP,2025-07-06,18.093
QY-8-58,QY-8-58-WHP,2025-07-07,16.877
QY-8-58,QY-8-58-WHP,2025-07-08,16.329
QY-8-58,QY-8-58-WHP,2025-07-09,17.67
QY-8-58,QY-8-58-WHP,2025-07-10,16.863
QY-8-58,QY-8-58-WHP,2025-07-11,17.088
QY-8-58,QY-8-58-WHP,2025-07-12,16.092
QY-8-58,QY-8-58-WHP,2025-07-13,17.126
QY-8-58,QY-8-58-WHP,2025-07-14,17.99
QY-8-58,QY-8-58-WHP,2025-07-15,18.187
QY-8-58,QY-8-58-WHP,2025-07-16,16.913
QY-8-58,QY-8-58-WHP,2025-07-17,17.81
QY-8-58,QY-8-58-WHP,2025-07-18,17.089
QY-8-58,QY-8-58-WHP,2025-07-19,17.288
QY-8-58,QY-8-58-WHP,2025-07-20,24.068
QY-8-58,QY-8-58-WHP,2025-07-21,16.316
QY-8-58,QY-8-58-WHP,2025-07-22,18.271
QY-8-58,QY-8-58-WHP,2025-07-23,15.229
QY-8-58,QY-8-58-WHP,2025-07-24,17.635
QY-8-58,QY-8-58-WHP,2025-07-25,17.108
QY-8-58,QY-8-58-WHP,2025-07-26,17.085
QY-8-58,QY-8-58-WHP,2025-07-27,16.779
QY-8-58,QY-8-58-WHP,2025-07-28,15.869
QY-8-58,QY-8-58-WHP,2025-07-29,17.512
QY-8-58,QY-8-58-WHP,2025-07-30,16.199
QY-8-58,QY-8-58-WHP,2025-07-31,16.182
QY-8-58,QY-8-58-WHP,2025-08-01,17.851
QY-8-58,QY-8-58-WHP,2025-08-02,16.962
QY-8-58,QY-8-58-WHP,2025-08-03,15.829
QY-8-58,QY-8-58-WHP,2025-08-04,17.599
QY-8-58,QY-8-58-WHP,2025-08-05,17.313
QY-8-58,QY-8-58-WHP,2025-08-06,17.269
QY-8-58,QY-8-58-WHP,2025-08-07,16.733
QY-8-58,QY-8-58-WHP,2025-08-08,16.71
QY-8-58,QY-8-58-WHP,2025-08-09,16.135
QY-8-58,QY-8-58-WHP,2025-08-10,17.38
QY-8-58,QY-8-58-WHP,2025-08-11,16.814
QY-8-58,QY-8-58-WHP,2025-08-12,16.995
QY-8-58,QY-8-58-WHP,2025-08-13,18.513
QY-8-58,QY-8-58-WHP,2025-08-14,16.088
QY-8-58,QY-8-58-WHP,2025-08-15,16.222
QY-8-58,QY-8-58-WHP,2025-08-16,16.479
QY-8-58,QY-8-58-WHP,2025-08-17,17.125
QY-8-58,QY-8-58-WHP,2025-08-18,18.092
QY-8-58,QY-8-58-WHP,2025-08-19,18.429
QY-8-58,QY-8-58-WHP,2025-08-20,15.432
QY-8-58,QY-8-58-WHP,2025-08-21,18.25
QY-8-58,QY-8-58-WHP,2025-08-22,17.379
QY-8-58,QY-8-58-WHP,2025-08-23,16.736
QY-8-58,QY-8-58-WHP,2025-08-24,15.758
QY-8-58,QY-8-58-WHP,2025-08-25,16.011
QY-8-58,QY-8-58-WHP,2025-08-26,16.579
QY-8-58,QY-8-58-WHP,2025-08-27,15.74
QY-8-58,QY-8-58-WHP,2025-08-28,17.461
QY-8-58,QY-8-58-WHP,2025-08-29,17.043
QY-8-58,QY-8-58-WHP,2025-08-30,16.985
QY-8-58,QY-8-58-WHP,2025-08-31,24.068
QY-8-58,QY-8-58-WHP,2025-09-01,16.099
QY-8-58,QY-8-58-WHP,2025-09-02,15.51
QY-8-58,QY-8-58-WHP,2025-09-03,16.106
QY-8-58,QY-8-58-WHP,2025-09-04,15.827
QY-8-58,QY-8-58-WHP,2025-09-05,16.244
QY-8-58,QY-8-58-WHP,2025-09-06,17.493
QY-8-58,QY-8-58-WHP,2025-09-07,16.146
QY-8-58,QY-8-58-WHP,2025-09-08,16.651
QY-8-58,QY-8-58-WHP,2025-09-09,17.554
QY-8-58,QY-8-58-WHP,2025-09-10,16.821
QY-8-58,QY-8-58-WHP,2025-09-11,15.209
QY-8-58,QY-8-58-WHP,2025-09-12,15.888
QY-8-58,QY-8-58-WHP,2025-09-13,17.051
QY-8-58,QY-8-58-WHP,2025-09-14,16.924
QY-8-58,QY-8-58-WHP,2025-09-15,16.089
QY-8-58,QY-8-58-WHP,2025-09-16,16.418
QY-8-58,QY-8-58-WHP,2025-09-17,17.078
QY-8-58,QY-8-58-WHP,2025-09-18,15.939
QY-8-58,QY-8-58-WHP,2025-09-19,16.561
QY-8-58,QY-8-58-WHP,2025-09-20,16.921
QY-8-58,QY-8-58-WHP,2025-09-21,16.861
QY-8-58,QY-8-58-WHP,2025-09-22,16.65
QY-8-58,QY-8-58-WHP,2025-09-23,16.344
QY-8-58,QY-8-58-WHP,2025-09-24,16.789
QY-8-58,QY-8-58-WHP,2025-09-25,16.952
QY-8-58,QY-8-58-WHP,2025-09-26,16.753
QY-8-58,QY-8-58-WHP,2025-09-27,17.367
QY-8-58,QY-8-58-WHP,2025-09-28,17.348
QY-8-58,QY-8-58-WHP,2025-09-29,17.001
QY-8-58,QY-8-58-WHP,2025-09-30,16.634
QY-8-58,QY-8-58-WHP,2025-10-01,16.455
QY-8-58,QY-8-58-WHP,2025-10-02,16.294
QY-8-58,QY-8-58-WHP,2025-10-03,15.858
QY-8-58,QY-8-58-WHP,2025-10-04,15.462
QY-8-58,QY-8-58-WHP,2025-10-05,16.369
QY-8-58,QY-8-58-WHP,2025-10-06,16.668
QY-8-58,QY-8-58-WHP,2025-10-07,17.225
QY-8-58,QY-8-58-WHP,2025-10-08,15.897
QY-8-58,QY-8-58-WHP,2025-10-09,15.033
QY-8-58,QY-8-58-WHP,2025-10-10,17.038
QY-8-58,QY-8-58-WHP,2025-10-11,16.885
QY-8-58,QY-8-58-WHP,2025-10-12,15.564
QY-8-58,QY-8-58-WHP,2025-10-13,15.024
QY-8-58,QY-8-58-WHP,2025-10-14,16.499
QY-8-58,QY-8-58-WHP,2025-10-15,17.327
QY-8-58,QY-8-58-WHP,2025-10-16,15.863
QY-8-58,QY-8-58-WHP,2025-10-17,17.168
QY-8-58,QY-8-58-WHP,2025-10-18,16.887
QY-8-58,QY-8-58-WHP,2025-10-19,16.3
QY-8-58,QY-8-58-WHP,2025-10-20,16.69
QY-8-58,QY-8-58-WHP,2025-10-21,15.691
QY-8-58,QY-8-58-WHP,2025-10-22,16.515
QY-8-58,QY-8-58-WHP,2025-10-23,16.52
QY-8-58,QY-8-58-WHP,2025-10-24,16.109
QY-8-58,QY-8-58-WHP,2025-10-25,15.865
QY-8-58,QY-8-58-WHP,2025-10-26,14.801
QY-8-58,QY-8-58-WHP,2025-10-27,15.824
QY-8-58,QY-8-58-WHP,2025-10-28,17.161
QY-8-58,QY-8-58-WHP,2025-10-29,15.807
QY-8-58,QY-8-58-WHP,2025-10-30,15.797
QY-8-58,QY-8-58-WHP,2025-10-31,16.935
QY-8-58,QY-8-58-WHP,2025-11-01,15.505
QY-8-58,QY-8-58-WHP,2025-11-02,16.908
QY-8-58,QY-8-58-WHP,2025-11-03,16.15
QY-8-58,QY-8-58-WHP,2025-11-04,15.281
QY-8-58,QY-8-58-WHP,2025-11-05,15.838
QY-8-58,QY-8-58-WHP,2025-11-06,16.046
QY-8-58,QY-8-58-WHP,2025-11-07,24.068
QY-8-58,QY-8-58-WHP,2025-11-08,14.668
QY-8-58,QY-8-58-WHP,2025-11-09,14.621
QY-8-58,QY-8-58-WHP,2025-11-10,15.7
QY-8-58,QY-8-58-WHP,2025-11-11,16.151
QY-8-58,QY-8-58-WHP,2025-11-12,14.802
QY-8-58,QY-8-58-WHP,2025-11-13,16.629
QY-8-58,QY-8-58-WHP,2025-11-14,15.957
QY-8-58,QY-8-58-WHP,2025-11-15,16.177
QY-8-58,QY-8-58-WHP,2025-11-16,16.06
QY-8-58,QY-8-58-WHP,2025-11-17,14.974
QY-8-58,QY-8-58-WHP,2025-11-18,15.704
QY-8-58,QY-8-58-WHP,2025-11-19,16.42
QY-8-58,QY-8-58-WHP,2025-11-20,16.961
QY-8-58,QY-8-58-WHP,2025-11-21,16.198
QY-8-58,QY-8-58-WHP,2025-11-22,14.525
QY-8-58,QY-8-58-WHP,2025-11-23,17.756
QY-8-58,QY-8-58-WHP,2025-11-24,16.151
QY-8-58,QY-8-58-WHP,2025-11-25,15.769
QY-8-58,QY-8-58-WHP,2025-11-26,15.196
QY-8-58,QY-8-58-WHP,2025-11-27,16.405
QY-8-58,QY-8-58-WHP,2025-11-28,15.028
QY-8-58,QY-8-58-WHP,2025-11-29,15.092
QY-8-58,QY-8-58-WHP,2025-11-30,15.604
QY-8-58,QY-8-58-WHP,2025-12-01,15.761
QY-8-58,QY-8-58-WHP,2025-12-02,14.708
QY-8-58,QY-8-58-WHP,2025-12-03,15.738
QY-8-58,QY-8-58-WHP,2025-12-04,15.605
QY-8-58,QY-8-58-WHP,2025-12-05,15.6
QY-8-58,QY-8-58-WHP,2025-12-06,15.591
QY-8-58,QY-8-58-WHP,2025-12-07,15.882
QY-8-58,QY-8-58-WHP,2025-12-08,15.965
QY-8-58,QY-8-58-WHP,2025-12-09,15.218
QY-8-58,QY-8-58-WHP,2025-12-10,14.926
QY-8-58,QY-8-58-WHP,2025-12-11,15.59
QY-8-58,QY-8-58-WHP,2025-12-12,14.838
QY-8-58,QY-8-58-WHP,2025-12-13,15.12
QY-8-58,QY-8-58-WHP,2025-12-14,16.576
QY-8-58,QY-8-58-WHP,2025-12-15,16.032
QY-8-58,QY-8-58-WHP,2025-12-16,14.271
QY-8-58,QY-8-58-WHP,2025-12-17,14.352
QY-8-58,QY-8-58-WHP,2025-12-18,14.478
QY-8-58,QY-8-58-WHP,2025-12-19,14.408
QY-8-58,QY-8-58-WHP,2025-12-20,15.611
QY-8-58,QY-8-58-WHP,2025-12-21,15.803
QY-8-58,QY-8-58-WHP,2025-12-22,16.037
QY-8-58,QY-8-58-WHP,2025-12-23,15.522
QY-8-58,QY-8-58-WHP,2025-12-24,15.581
QY-8-58,QY-8-58-WHP,2025-12-25,14.834
QY-8-58,QY-8-58-WHP,2025-12-26,14.955
QY-8-58,QY-8-58-WHP,2025-12-27,16.252
QY-8-58,QY-8-58-WHP,2025-12-28,14.606
QY-8-58,QY-8-58-WHP,2025-12-29,14.33
QY-8-58,QY-8-58-WHP,2025-12-30,14.72
QY-8-58,QY-8-58-WHP,2025-12-31,14.603
QY-8-58,QY-8-58-CGP,2025-01-01,17.998
QY-8-58,QY-8-58-CGP,2025-01-02,18.608
QY-8-58,QY-8-58-CGP,2025-01-03,18.126
QY-8-58,QY-8-58-CGP,2025-01-04,18.817
QY-8-58,QY-8-58-CGP,2025-01-05,18.699
QY-8-58,QY-8-58-CGP,2025-01-06,19.11
QY-8-58,QY-8-58-CGP,2025-01-07,18.226
QY-8-58,QY-8-58-CGP,2025-01-08,19.256
QY-8-58,QY-8-58-CGP,2025-01-09,18.433
QY-8-58,QY-8-58-CGP,2025-01-10,18.452
QY-8-58,QY-8-58-CGP,2025-01-11,18.588
QY-8-58,QY-8-58-CGP,2025-01-12,19.141
QY-8-58,QY-8-58-CGP,2025-01-13,18.966
QY-8-58,QY-8-58-CGP,2025-01-14,19.546
QY-8-58,QY-8-58-CGP,2025-01-15,18.804
QY-8-58,QY-8-58-CGP,2025-01-16,20.055
QY-8-58,QY-8-58-CGP,2025-01-17,18.715
QY-8-58,QY-8-58-CGP,2025-01-18,19.809
QY-8-58,QY-8-58-CGP,2025-01-19,19.761
QY-8-58,QY-8-58-CGP,2025-01-20,18.1
QY-8-58,QY-8-58-CGP,2025-01-21,18.985
QY-8-58,QY-8-58-CGP,2025-01-22,18.496
QY-8-58,QY-8-58-CGP,2025-01-23,19.547
QY-8-58,QY-8-58-CGP,2025-01-24,19.343
QY-8-58,QY-8-58-CGP,2025-01-25,18.834
QY-8-58,QY-8-58-CGP,2025-01-26,18.751
QY-8-58,QY-8-58-CGP,2025-01-27,20.077
QY-8-58,QY-8-58-CGP,2025-01-28,19.048
QY-8-58,QY-8-58-CGP,2025-01-29,19.22
QY-8-58,QY-8-58-CGP,2025-01-30,18.413
QY-8-58,QY-8-58-CGP,2025-01-31,19.456
QY-8-58,QY-8-58-CGP,2025-02-01,18.608
QY-8-58,QY-8-58-CGP,2025-02-02,17.324
QY-8-58,QY-8-58-CGP,2025-02-03,19.265
QY-8-58,QY-8-58-CGP,2025-02-04,19.218
QY-8-58,QY-8-58-CGP,2025-02-05,18.768
QY-8-58,QY-8-58-CGP,2025-02-06,18.341
QY-8-58,QY-8-58-CGP,2025-02-07,18.13
QY-8-58,QY-8-58-CGP,2025-02-08,19.558
QY-8-58,QY-8-58-CGP,2025-02-09,19.841
QY-8-58,QY-8-58-CGP,2025-02-10,18.143
QY-8-58,QY-8-58-CGP,2025-02-11,17.661
QY-8-58,QY-8-58-CGP,2025-02-12,18.39
QY-8-58,QY-8-58-CGP,2025-02-13,17.872
QY-8-58,QY-8-58-CGP,2025-02-14,19.48
QY-8-58,QY-8-58-CGP,2025-02-15,18.03
QY-8-58,QY-8-58-CGP,2025-02-16,18.578
QY-8-58,QY-8-58-CGP,2025-02-17,17.895
QY-8-58,QY-8-58-CGP,2025-02-18,18.244
QY-8-58,QY-8-58-CGP,2025-02-19,18.902
QY-8-58,QY-8-58-CGP,2025-02-20,18.244
QY-8-58,QY-8-58-CGP,2025-02-21,20.275
QY-8-58,QY-8-58-CGP,2025-02-22,18.742
QY-8-58,QY-8-58-CGP,2025-02-23,17.466
QY-8-58,QY-8-58-CGP,2025-02-24,18.175
QY-8-58,QY-8-58-CGP,2025-02-25,17.857
QY-8-58,QY-8-58-CGP,2025-02-26,17.273
QY-8-58,QY-8-58-CGP,2025-02-27,17.819
QY-8-58,QY-8-58-CGP,2025-02-28,18.06
QY-8-58,QY-8-58-CGP,2025-03-01,17.991
QY-8-58,QY-8-58-CGP,2025-03-02,18.506
QY-8-58,QY-8-58-CGP,2025-03-03,17.046
QY-8-58,QY-8-58-CGP,2025-03-04,18.902
QY-8-58,QY-8-58-CGP,2025-03-05,19.524
QY-8-58,QY-8-58-CGP,2025-03-06,18.983
QY-8-58,QY-8-58-CGP,2025-03-07,17.997
QY-8-58,QY-8-58-CGP,2025-03-08,17.722
QY-8-58,QY-8-58-CGP,2025-03-09,18.42
QY-8-58,QY-8-58-CGP,2025-03-10,17.449
QY-8-58,QY-8-58-CGP,2025-03-11,18.027
QY-8-58,QY-8-58-CGP,2025-03-12,17.392
QY-8-58,QY-8-58-CGP,2025-03-13,19.003
QY-8-58,QY-8-58-CGP,2025-03-14,17.277
QY-8-58,QY-8-58-CGP,2025-03-15,17.814
QY-8-58,QY-8-58-CGP,2025-03-16,18.343
QY-8-58,QY-8-58-CGP,2025-03-17,18.087
QY-8-58,QY-8-58-CGP,2025-03-18,17.746
QY-8-58,QY-8-58-CGP,2025-03-19,18.163
QY-8-58,QY-8-58-CGP,2025-03-20,19.274
QY-8-58,QY-8-58-CGP,2025-03-21,19.142
QY-8-58,QY-8-58-CGP,2025-03-22,18.575
QY-8-58,QY-8-58-CGP,2025-03-23,17.952
QY-8-58,QY-8-58-CGP,2025-03-24,18.346
QY-8-58,QY-8-58-CGP,2025-03-25,17.862
QY-8-58,QY-8-58-CGP,2025-03-26,17.855
QY-8-58,QY-8-58-CGP,2025-03-27,18.462
QY-8-58,QY-8-58-CGP,2025-03-28,17.498
QY-8-58,QY-8-58-CGP,2025-03-29,16.614
QY-8-58,QY-8-58-CGP,2025-03-30,17.955
QY-8-58,QY-8-58-CGP,2025-03-31,17.932
QY-8-58,QY-8-58-CGP,2025-04-01,16.38
QY-8-58,QY-8-58-CGP,2025-04-02,17.816
QY-8-58,QY-8-58-CGP,2025-04-03,17.711
QY-8-58,QY-8-58-CGP,2025-04-04,19.321
QY-8-58,QY-8-58-CGP,2025-04-05,16.951
QY-8-58,QY-8-58-CGP,2025-04-06,18.436
QY-8-58,QY-8-58-CGP,2025-04-07,17.411
QY-8-58,QY-8-58-CGP,2025-04-08,16.992
QY-8-58,QY-8-58-CGP,2025-04-09,17.707
QY-8-58,QY-8-58-CGP,2025-04-10,18.456
QY-8-58,QY-8-58-CGP,2025-04-11,16.145
QY-8-58,QY-8-58-CGP,2025-04-12,17.139
QY-8-58,QY-8-58-CGP,2025-04-13,18.818
QY-8-58,QY-8-58-CGP,2025-04-14,17.362
QY-8-58,QY-8-58-CGP,2025-04-15,18.235
QY-8-58,QY-8-58-CGP,2025-04-16,17.869
QY-8-58,QY-8-58-CGP,2025-04-17,18.172
QY-8-58,QY-8-58-CGP,2025-04-18,18.408
QY-8-58,QY-8-58-CGP,2025-04-19,17.552
QY-8-58,QY-8-58-CGP,2025-04-20,17.979
QY-8-58,QY-8-58-CGP,2025-04-21,17.914
QY-8-58,QY-8-58-CGP,2025-04-22,16.669
QY-8-58,QY-8-58-CGP,2025-04-23,18.569
QY-8-58,QY-8-58-CGP,2025-04-24,17.603
QY-8-58,QY-8-58-CGP,2025-04-25,18.461
QY-8-58,QY-8-58-CGP,2025-04-26,18.325
QY-8-58,QY-8-58-CGP,2025-04-27,16.665
QY-8-58,QY-8-58-CGP,2025-04-28,17.103
QY-8-58,QY-8-58-CGP,2025-04-29,17.929
QY-8-58,QY-8-58-CGP,2025-04-30,17.815
QY-8-58,QY-8-58-CGP,2025-05-01,17.836
QY-8-58,QY-8-58-CGP,2025-05-02,17.723
QY-8-58,QY-8-58-CGP,2025-05-03,17.314
QY-8-58,QY-8-58-CGP,2025-05-04,17.743
QY-8-58,QY-8-58-CGP,2025-05-05,17.016
QY-8-58,QY-8-58-CGP,2025-05-06,16.988
QY-8-58,QY-8-58-CGP,2025-05-07,17.245
QY-8-58,QY-8-58-CGP,2025-05-08,17.044
QY-8-58,QY-8-58-CGP,2025-05-09,18.902
QY-8-58,QY-8-58-CGP,2025-05-10,16.157
QY-8-58,QY-8-58-CGP,2025-05-11,16.91
QY-8-58,QY-8-58-CGP,2025-05-12,16.836
QY-8-58,QY-8-58-CGP,2025-05-13,18.507
QY-8-58,QY-8-58-CGP,2025-05-14,17.599
QY-8-58,QY-8-58-CGP,2025-05-15,17.053
QY-8-58,QY-8-58-CGP,2025-05-16,18.348
QY-8-58,QY-8-58-CGP,2025-05-17,16.639
QY-8-58,QY-8-58-CGP,2025-05-18,17.231
QY-8-58,QY-8-58-CGP,2025-05-19,17.194
QY-8-58,QY-8-58-CGP,2025-05-20,16.953
QY-8-58,QY-8-58-CGP,2025-05-21,17.038
QY-8-58,QY-8-58-CGP,2025-05-22,16.645
QY-8-58,QY-8-58-CGP,2025-05-23,16.314
QY-8-58,QY-8-58-CGP,2025-05-24,17.441
QY-8-58,QY-8-58-CGP,2025-05-25,17.536
QY-8-58,QY-8-58-CGP,2025-05-26,16.675
QY-8-58,QY-8-58-CGP,2025-05-27,16.103
QY-8-58,QY-8-58-CGP,2025-05-28,17.034
QY-8-58,QY-8-58-CGP,2025-05-29,17.01
QY-8-58,QY-8-58-CGP,2025-05-30,16.994
QY-8-58,QY-8-58-CGP,2025-05-31,15.462
QY-8-58,QY-8-58-CGP,2025-06-01,16.742
QY-8-58,QY-8-58-CGP,2025-06-02,16.818
QY-8-58,QY-8-58-CGP,2025-06-03,17.484
QY-8-58,QY-8-58-CGP,2025-06-04,17.765
QY-8-58,QY-8-58-CGP,2025-06-05,16.487
QY-8-58,QY-8-58-CGP,2025-06-06,17.289
QY-8-58,QY-8-58-CGP,2025-06-07,16.805
QY-8-58,QY-8-58-CGP,2025-06-08,17.158
QY-8-58,QY-8-58-CGP,2025-06-09,16.595
QY-8-58,QY-8-58-CGP,2025-06-10,16.755
QY-8-58,QY-8-58-CGP,2025-06-11,16.5
QY-8-58,QY-8-58-CGP,2025-06-12,16.222
QY-8-58,QY-8-58-CGP,2025-06-13,17.391
QY-8-58,QY-8-58-CGP,2025-06-14,16.923
QY-8-58,QY-8-58-CGP,2025-06-15,16.376
QY-8-58,QY-8-58-CGP,2025-06-16,17.628
QY-8-58,QY-8-58-CGP,2025-06-17,15.667
QY-8-58,QY-8-58-CGP,2025-06-18,16.607
QY-8-58,QY-8-58-CGP,2025-06-19,17.493
QY-8-58,QY-8-58-CGP,2025-06-20,16.312
QY-8-58,QY-8-58-CGP,2025-06-21,17.408
QY-8-58,QY-8-58-CGP,2025-06-22,17.016
QY-8-58,QY-8-58-CGP,2025-06-23,17.448
QY-8-58,QY-8-58-CGP,2025-06-24,17.339
QY-8-58,QY-8-58-CGP,2025-06-25,17.006
QY-8-58,QY-8-58-CGP,2025-06-26,17.333
QY-8-58,QY-8-58-CGP,2025-06-27,16.344
QY-8-58,QY-8-58-CGP,2025-06-28,17.203
QY-8-58,QY-8-58-CGP,2025-06-29,16.666
QY-8-58,QY-8-58-CGP,2025-06-30,16.231
QY-8-58,QY-8-58-CGP,2025-07-01,16.672
QY-8-58,QY-8-58-CGP,2025-07-02,17.228
QY-8-58,QY-8-58-CGP,2025-07-03,16.661
QY-8-58,QY-8-58-CGP,2025-07-04,16.37
QY-8-58,QY-8-58-CGP,2025-07-05,17.542
QY-8-58,QY-8-58-CGP,2025-07-06,17.123
QY-8-58,QY-8-58-CGP,2025-07-07,16.648
QY-8-58,QY-8-58-CGP,2025-07-08,15.687
QY-8-58,QY-8-58-CGP,2025-07-09,16.321
QY-8-58,QY-8-58-CGP,2025-07-10,16.614
QY-8-58,QY-8-58-CGP,2025-07-11,16.308
QY-8-58,QY-8-58-CGP,2025-07-12,15.731
QY-8-58,QY-8-58-CGP,2025-07-13,16.85
QY-8-58,QY-8-58-CGP,2025-07-14,17.427
QY-8-58,QY-8-58-CGP,2025-07-15,16.909
QY-8-58,QY-8-58-CGP,2025-07-16,15.734
QY-8-58,QY-8-58-CGP,2025-07-17,16.464
QY-8-58,QY-8-58-CGP,2025-07-18,16.926
QY-8-58,QY-8-58-CGP,2025-07-19,16.873
QY-8-58,QY-8-58-CGP,2025-07-20,18.902
QY-8-58,QY-8-58-CGP,2025-07-21,15.844
QY-8-58,QY-8-58-CGP,2025-07-22,17.924
QY-8-58,QY-8-58-CGP,2025-07-23,15.258
QY-8-58,QY-8-58-CGP,2025-07-24,16.773
QY-8-58,QY-8-58-CGP,2025-07-25,16.208
QY-8-58,QY-8-58-CGP,2025-07-26,15.224
QY-8-58,QY-8-58-CGP,2025-07-27,16.462
QY-8-58,QY-8-58-CGP,2025-07-28,16.003
QY-8-58,QY-8-58-CGP,2025-07-29,16.4
QY-8-58,QY-8-58-CGP,2025-07-30,16.108
QY-8-58,QY-8-58-CGP,2025-07-31,15.427
QY-8-58,QY-8-58-CGP,2025-08-01,16.391
QY-8-58,QY-8-58-CGP,2025-08-02,16.568
QY-8-58,QY-8-58-CGP,2025-08-03,16.159
QY-8-58,QY-8-58-CGP,2025-08-04,16.689
QY-8-58,QY-8-58-CGP,2025-08-05,17.459
QY-8-58,QY-8-58-CGP,2025-08-06,16.611
QY-8-58,QY-8-58-CGP,2025-08-07,15.687
QY-8-58,QY-8-58-CGP,2025-08-08,16.114
QY-8-58,QY-8-58-CGP,2025-08-09,15.974
QY-8-58,QY-8-58-CGP,2025-08-10,16.646
QY-8-58,QY-8-58-CGP,2025-08-11,15.924
QY-8-58,QY-8-58-CGP,2025-08-12,16.332
QY-8-58,QY-8-58-CGP,2025-08-13,17.263
QY-8-58,QY-8-58-CGP,2025-08-14,15.201
QY-8-58,QY-8-58-CGP,2025-08-15,15.546
QY-8-58,QY-8-58-CGP,2025-08-16,16.26
QY-8-58,QY-8-58-CGP,2025-08-17,16.591
QY-8-58,QY-8-58-CGP,2025-08-18,16.891
QY-8-58,QY-8-58-CGP,2025-08-19,17.435
QY-8-58,QY-8-58-CGP,2025-08-20,15.089
QY-8-58,QY-8-58-CGP,2025-08-21,17.476
QY-8-58,QY-8-58-CGP,2025-08-22,16.555
QY-8-58,QY-8-58-CGP,2025-08-23,16.179
QY-8-58,QY-8-58-CGP,2025-08-24,14.911
QY-8-58,QY-8-58-CGP,2025-08-25,15.519
QY-8-58,QY-8-58-CGP,2025-08-26,16.087
QY-8-58,QY-8-58-CGP,2025-08-27,15.443
QY-8-58,QY-8-58-CGP,2025-08-28,16.898
QY-8-58,QY-8-58-CGP,2025-08-29,16.519
QY-8-58,QY-8-58-CGP,2025-08-30,16.808
QY-8-58,QY-8-58-CGP,2025-08-31,18.902
QY-8-58,QY-8-58-CGP,2025-09-01,14.692
QY-8-58,QY-8-58-CGP,2025-09-02,15.162
QY-8-58,QY-8-58-CGP,2025-09-03,15.095
QY-8-58,QY-8-58-CGP,2025-09-04,15.661
QY-8-58,QY-8-58-CGP,2025-09-05,15.8
QY-8-58,QY-8-58-CGP,2025-09-06,17.433
QY-8-58,QY-8-58-CGP,2025-09-07,15.528
QY-8-58,QY-8-58-CGP,2025-09-08,15.796
QY-8-58,QY-8-58-CGP,2025-09-09,16.386
QY-8-58,QY-8-58-CGP,2025-09-10,15.689
QY-8-58,QY-8-58-CGP,2025-09-11,14.942
QY-8-58,QY-8-58-CGP,2025-09-12,15.685
QY-8-58,QY-8-58-CGP,2025-09-13,16.21
QY-8-58,QY-8-58-CGP,2025-09-14,15.993
QY-8-58,QY-8-58-CGP,2025-09-15,15.085
QY-8-58,QY-8-58-CGP,2025-09-16,15.39
QY-8-58,QY-8-58-CGP,2025-09-17,16.553
QY-8-58,QY-8-58-CGP,2025-09-18,15.583
QY-8-58,QY-8-58-CGP,2025-09-19,16.057
QY-8-58,QY-8-58-CGP,2025-09-20,16.559
QY-8-58,QY-8-58-CGP,2025-09-21,16.642
QY-8-58,QY-8-58-CGP,2025-09-22,15.613
QY-8-58,QY-8-58-CGP,2025-09-23,16.301
QY-8-58,QY-8-58-CGP,2025-09-24,15.652
QY-8-58,QY-8-58-CGP,2025-09-25,15.95
QY-8-58,QY-8-58-CGP,2025-09-26,15.534
QY-8-58,QY-8-58-CGP,2025-09-27,15.966
QY-8-58,QY-8-58-CGP,2025-09-28,15.864
QY-8-58,QY-8-58-CGP,2025-09-29,16.055
QY-8-58,QY-8-58-CGP,2025-09-30,16.309
QY-8-58,QY-8-58-CGP,2025-10-01,15.959
QY-8-58,QY-8-58-CGP,2025-10-02,15.661
QY-8-58,QY-8-58-CGP,2025-10-03,16.022
QY-8-58,QY-8-58-CGP,2025-10-04,15.717
QY-8-58,QY-8-58-CGP,2025-10-05,15.19
QY-8-58,QY-8-58-CGP,2025-10-06,15.862
QY-8-58,QY-8-58-CGP,2025-10-07,16.18
QY-8-58,QY-8-58-CGP,2025-10-08,15.181
QY-8-58,QY-8-58-CGP,2025-10-09,14.686
QY-8-58,QY-8-58-CGP,2025-10-10,15.548
QY-8-58,QY-8-58-CGP,2025-10-11,16.015
QY-8-58,QY-8-58-CGP,2025-10-12,15.01
QY-8-58,QY-8-58-CGP,2025-10-13,14.513
QY-8-58,QY-8-58-CGP,2025-10-14,15.421
QY-8-58,QY-8-58-CGP,2025-10-15,16.145
QY-8-58,QY-8-58-CGP,2025-10-16,15.254
QY-8-58,QY-8-58-CGP,2025-10-17,16.166
QY-8-58,QY-8-58-CGP,2025-10-18,16.22
QY-8-58,QY-8-58-CGP,2025-10-19,15.394
QY-8-58,QY-8-58-CGP,2025-10-20,15.905
QY-8-58,QY-8-58-CGP,2025-10-21,15.422
QY-8-58,QY-8-58-CGP,2025-10-22,15.367
QY-8-58,QY-8-58-CGP,2025-10-23,16.481
QY-8-58,QY-8-58-CGP,2025-10-24,15.639
QY-8-58,QY-8-58-CGP,2025-10-25,14.895
QY-8-58,QY-8-58-CGP,2025-10-26,14.677
QY-8-58,QY-8-58-CGP,2025-10-27,15.364
QY-8-58,QY-8-58-CGP,2025-10-28,15.518
QY-8-58,QY-8-58-CGP,2025-10-29,15.276
QY-8-58,QY-8-58-CGP,2025-10-30,15.291
QY-8-58,QY-8-58-CGP,2025-10-31,15.503
QY-8-58,QY-8-58-CGP,2025-11-01,15.143
QY-8-58,QY-8-58-CGP,2025-11-02,15.627
QY-8-58,QY-8-58-CGP,2025-11-03,15.059
QY-8-58,QY-8-58-CGP,2025-11-04,14.37
QY-8-58,QY-8-58-CGP,2025-11-05,15.988
QY-8-58,QY-8-58-CGP,2025-11-06,15.533
QY-8-58,QY-8-58-CGP,2025-11-07,18.902
QY-8-58,QY-8-58-CGP,2025-11-08,14.278
QY-8-58,QY-8-58-CGP,2025-11-09,14.454
QY-8-58,QY-8-58-CGP,2025-11-10,14.929
QY-8-58,QY-8-58-CGP,2025-11-11,14.776
QY-8-58,QY-8-58-CGP,2025-11-12,14.342
QY-8-58,QY-8-58-CGP,2025-11-13,16.088
QY-8-58,QY-8-58-CGP,2025-11-14,15.309
QY-8-58,QY-8-58-CGP,2025-11-15,14.89
QY-8-58,QY-8-58-CGP,2025-11-16,15.194
QY-8-58,QY-8-58-CGP,2025-11-17,14.178
QY-8-58,QY-8-58-CGP,2025-11-18,14.876
QY-8-58,QY-8-58-CGP,2025-11-19,15.02
QY-8-58,QY-8-58-CGP,2025-11-20,15.656
QY-8-58,QY-8-58-CGP,2025-11-21,16.021
QY-8-58,QY-8-58-CGP,2025-11-22,14.182
QY-8-58,QY-8-58-CGP,2025-11-23,16.428
QY-8-58,QY-8-58-CGP,2025-11-24,15.345
QY-8-58,QY-8-58-CGP,2025-11-25,15.323
QY-8-58,QY-8-58-CGP,2025-11-26,14.554
QY-8-58,QY-8-58-CGP,2025-11-27,15.681
QY-8-58,QY-8-58-CGP,2025-11-28,15.244
QY-8-58,QY-8-58-CGP,2025-11-29,13.578
QY-8-58,QY-8-58-CGP,2025-11-30,15.084
QY-8-58,QY-8-58-CGP,2025-12-01,14.176
QY-8-58,QY-8-58-CGP,2025-12-02,15.089
QY-8-58,QY-8-58-CGP,2025-12-03,15.03
QY-8-58,QY-8-58-CGP,2025-12-04,14.867
QY-8-58,QY-8-58-CGP,2025-12-05,14.51
QY-8-58,QY-8-58-CGP,2025-12-06,14.843
QY-8-58,QY-8-58-CGP,2025-12-07,15.01
QY-8-58,QY-8-58-CGP,2025-12-08,14.936
QY-8-58,QY-8-58-CGP,2025-12-09,14.851
QY-8-58,QY-8-58-CGP,2025-12-10,14.372
QY-8-58,QY-8-58-CGP,2025-12-11,14.257
QY-8-58,QY-8-58-CGP,2025-12-12,15.096
QY-8-58,QY-8-58-CGP,2025-12-13,15.042
QY-8-58,QY-8-58-CGP,2025-12-14,16.733
QY-8-58,QY-8-58-CGP,2025-12-15,15.004
QY-8-58,QY-8-58-CGP,2025-12-16,14.114
QY-8-58,QY-8-58-CGP,2025-12-17,14.126
QY-8-58,QY-8-58-CGP,2025-12-18,13.99
QY-8-58,QY-8-58-CGP,2025-12-19,14.523
QY-8-58,QY-8-58-CGP,2025-12-20,14.739
QY-8-58,QY-8-58-CGP,2025-12-21,14.911
QY-8-58,QY-8-58-CGP,2025-12-22,15.12
QY-8-58,QY-8-58-CGP,2025-12-23,14.642
QY-8-58,QY-8-58-CGP,2025-12-24,14.279
QY-8-58,QY-8-58-CGP,2025-12-25,14.309
QY-8-58,QY-8-58-CGP,2025-12-26,14.685
QY-8-58,QY-8-58-CGP,2025-12-27,15.114
QY-8-58,QY-8-58-CGP,2025-12-28,14.299
QY-8-58,QY-8-58-CGP,2025-12-29,13.955
QY-8-58,QY-8-58-CGP,2025-12-30,14.485
QY-8-58,QY-8-58-CGP,2025-12-31,14.168
QY-8-58,QY-8-58-WHT,2025-01-01,56.773
QY-8-58,QY-8-58-WHT,2025-01-02,61.437
QY-8-58,QY-8-58-WHT,2025-01-03,56.782
QY-8-58,QY-8-58-WHT,2025-01-04,58.866
QY-8-58,QY-8-58-WHT,2025-01-05,59.626
QY-8-58,QY-8-58-WHT,2025-01-06,60.329
QY-8-58,QY-8-58-WHT,2025-01-07,58.372
QY-8-58,QY-8-58-WHT,2025-01-08,60.792
QY-8-58,QY-8-58-WHT,2025-01-09,59.416
QY-8-58,QY-8-58-WHT,2025-01-10,59.795
QY-8-58,QY-8-58-WHT,2025-01-11,59.325
QY-8-58,QY-8-58-WHT,2025-01-12,62.73
QY-8-58,QY-8-58-WHT,2025-01-13,57.916
QY-8-58,QY-8-58-WHT,2025-01-14,61.942
QY-8-58,QY-8-58-WHT,2025-01-15,57.727
QY-8-58,QY-8-58-WHT,2025-01-16,62.916
QY-8-58,QY-8-58-WHT,2025-01-17,60.472
QY-8-58,QY-8-58-WHT,2025-01-18,63.765
QY-8-58,QY-8-58-WHT,2025-01-19,62.763
QY-8-58,QY-8-58-WHT,2025-01-20,59.216
QY-8-58,QY-8-58-WHT,2025-01-21,62.757
QY-8-58,QY-8-58-WHT,2025-01-22,56.502
QY-8-58,QY-8-58-WHT,2025-01-23,60.971
QY-8-58,QY-8-58-WHT,2025-01-24,64.555
QY-8-58,QY-8-58-WHT,2025-01-25,59.202
QY-8-58,QY-8-58-WHT,2025-01-26,63.001
QY-8-58,QY-8-58-WHT,2025-01-27,65.489
QY-8-58,QY-8-58-WHT,2025-01-28,57.397
QY-8-58,QY-8-58-WHT,2025-01-29,60.895
QY-8-58,QY-8-58-WHT,2025-01-30,59.528
QY-8-58,QY-8-58-WHT,2025-01-31,62.463
QY-8-58,QY-8-58-WHT,2025-02-01,58.569
QY-8-58,QY-8-58-WHT,2025-02-02,57.556
QY-8-58,QY-8-58-WHT,2025-02-03,62.22
QY-8-58,QY-8-58-WHT,2025-02-04,61.026
QY-8-58,QY-8-58-WHT,2025-02-05,61.05
QY-8-58,QY-8-58-WHT,2025-02-06,57.245
QY-8-58,QY-8-58-WHT,2025-02-07,57.364
QY-8-58,QY-8-58-WHT,2025-02-08,59.577
QY-8-58,QY-8-58-WHT,2025-02-09,61.812
QY-8-58,QY-8-58-WHT,2025-02-10,58.439
QY-8-58,QY-8-58-WHT,2025-02-11,56.818
QY-8-58,QY-8-58-WHT,2025-02-12,59.219
QY-8-58,QY-8-58-WHT,2025-02-13,57.152
QY-8-58,QY-8-58-WHT,2025-02-14,62.547
QY-8-58,QY-8-58-WHT,2025-02-15,57.978
QY-8-58,QY-8-58-WHT,2025-02-16,60.261
QY-8-58,QY-8-58-WHT,2025-02-17,56.642
QY-8-58,QY-8-58-WHT,2025-02-18,60.267
QY-8-58,QY-8-58-WHT,2025-02-19,25.405
QY-8-58,QY-8-58-WHT,2025-02-20,58.169
QY-8-58,QY-8-58-WHT,2025-02-21,64.468
QY-8-58,QY-8-58-WHT,2025-02-22,60.816
QY-8-58,QY-8-58-WHT,2025-02-23,55.249
QY-8-58,QY-8-58-WHT,2025-02-24,60.043
QY-8-58,QY-8-58-WHT,2025-02-25,56.574
QY-8-58,QY-8-58-WHT,2025-02-26,55.184
QY-8-58,QY-8-58-WHT,2025-02-27,57.62
QY-8-58,QY-8-58-WHT,2025-02-28,55.764
QY-8-58,QY-8-58-WHT,2025-03-01,54.876
QY-8-58,QY-8-58-WHT,2025-03-02,58.752
QY-8-58,QY-8-58-WHT,2025-03-03,53.906
QY-8-58,QY-8-58-WHT,2025-03-04,25.405
QY-8-58,QY-8-58-WHT,2025-03-05,61.011
QY-8-58,QY-8-58-WHT,2025-03-06,58.829
QY-8-58,QY-8-58-WHT,2025-03-07,57.658
QY-8-58,QY-8-58-WHT,2025-03-08,57.308
QY-8-58,QY-8-58-WHT,2025-03-09,58.213
QY-8-58,QY-8-58-WHT,2025-03-10,54.931
QY-8-58,QY-8-58-WHT,2025-03-11,57.345
QY-8-58,QY-8-58-WHT,2025-03-12,56.908
QY-8-58,QY-8-58-WHT,2025-03-13,62.536
QY-8-58,QY-8-58-WHT,2025-03-14,56.642
QY-8-58,QY-8-58-WHT,2025-03-15,58.166
QY-8-58,QY-8-58-WHT,2025-03-16,60.6
QY-8-58,QY-8-58-WHT,2025-03-17,56.5
QY-8-58,QY-8-58-WHT,2025-03-18,58.403
QY-8-58,QY-8-58-WHT,2025-03-19,55.059
QY-8-58,QY-8-58-WHT,2025-03-20,59.703
QY-8-58,QY-8-58-WHT,2025-03-21,59.718
QY-8-58,QY-8-58-WHT,2025-03-22,59.979
QY-8-58,QY-8-58-WHT,2025-03-23,58.044
QY-8-58,QY-8-58-WHT,2025-03-24,56.332
QY-8-58,QY-8-58-WHT,2025-03-25,57.799
QY-8-58,QY-8-58-WHT,2025-03-26,55.326
QY-8-58,QY-8-58-WHT,2025-03-27,59.595
QY-8-58,QY-8-58-WHT,2025-03-28,53.835
QY-8-58,QY-8-58-WHT,2025-03-29,52.467
QY-8-58,QY-8-58-WHT,2025-03-30,56.686
QY-8-58,QY-8-58-WHT,2025-03-31,57.31
QY-8-58,QY-8-58-WHT,2025-04-01,54.533
QY-8-58,QY-8-58-WHT,2025-04-02,59.156
QY-8-58,QY-8-58-WHT,2025-04-03,57.016
QY-8-58,QY-8-58-WHT,2025-04-04,62.887
QY-8-58,QY-8-58-WHT,2025-04-05,57.219
QY-8-58,QY-8-58-WHT,2025-04-06,59.929
QY-8-58,QY-8-58-WHT,2025-04-07,55.478
QY-8-58,QY-8-58-WHT,2025-04-08,54.9
QY-8-58,QY-8-58-WHT,2025-04-09,56.556
QY-8-58,QY-8-58-WHT,2025-04-10,58.914
QY-8-58,QY-8-58-WHT,2025-04-11,52.711
QY-8-58,QY-8-58-WHT,2025-04-12,58.292
QY-8-58,QY-8-58-WHT,2025-04-13,60.205
QY-8-58,QY-8-58-WHT,2025-04-14,55.614
QY-8-58,QY-8-58-WHT,2025-04-15,56.075
QY-8-58,QY-8-58-WHT,2025-04-16,56.322
QY-8-58,QY-8-58-WHT,2025-04-17,61.861
QY-8-58,QY-8-58-WHT,2025-04-18,58.329
QY-8-58,QY-8-58-WHT,2025-04-19,56.263
QY-8-58,QY-8-58-WHT,2025-04-20,58.374
QY-8-58,QY-8-58-WHT,2025-04-21,56.669
QY-8-58,QY-8-58-WHT,2025-04-22,54.216
QY-8-58,QY-8-58-WHT,2025-04-23,58.829
QY-8-58,QY-8-58-WHT,2025-04-24,58.937
QY-8-58,QY-8-58-WHT,2025-04-25,57.405
QY-8-58,QY-8-58-WHT,2025-04-26,59.607
QY-8-58,QY-8-58-WHT,2025-04-27,55.248
QY-8-58,QY-8-58-WHT,2025-04-28,53.12
QY-8-58,QY-8-58-WHT,2025-04-29,56.728
QY-8-58,QY-8-58-WHT,2025-04-30,56.941
QY-8-58,QY-8-58-WHT,2025-05-01,55.831
QY-8-58,QY-8-58-WHT,2025-05-02,55.768
QY-8-58,QY-8-58-WHT,2025-05-03,56.594
QY-8-58,QY-8-58-WHT,2025-05-04,56.592
QY-8-58,QY-8-58-WHT,2025-05-05,54.082
QY-8-58,QY-8-58-WHT,2025-05-06,55.065
QY-8-58,QY-8-58-WHT,2025-05-07,56.635
QY-8-58,QY-8-58-WHT,2025-05-08,54.755
QY-8-58,QY-8-58-WHT,2025-05-09,25.405
QY-8-58,QY-8-58-WHT,2025-05-10,50.78
QY-8-58,QY-8-58-WHT,2025-05-11,52.664
QY-8-58,QY-8-58-WHT,2025-05-12,52.972
QY-8-58,QY-8-58-WHT,2025-05-13,60.372
QY-8-58,QY-8-58-WHT,2025-05-14,54.477
QY-8-58,QY-8-58-WHT,2025-05-15,55.152
QY-8-58,QY-8-58-WHT,2025-05-16,58.263
QY-8-58,QY-8-58-WHT,2025-05-17,53.234
QY-8-58,QY-8-58-WHT,2025-05-18,53.757
QY-8-58,QY-8-58-WHT,2025-05-19,54.733
QY-8-58,QY-8-58-WHT,2025-05-20,52.757
QY-8-58,QY-8-58-WHT,2025-05-21,53.752
QY-8-58,QY-8-58-WHT,2025-05-22,52.987
QY-8-58,QY-8-58-WHT,2025-05-23,49.027
QY-8-58,QY-8-58-WHT,2025-05-24,58.463
QY-8-58,QY-8-58-WHT,2025-05-25,54.37
QY-8-58,QY-8-58-WHT,2025-05-26,56.09
QY-8-58,QY-8-58-WHT,2025-05-27,52.232
QY-8-58,QY-8-58-WHT,2025-05-28,55.086
QY-8-58,QY-8-58-WHT,2025-05-29,53.305
QY-8-58,QY-8-58-WHT,2025-05-30,52.912
QY-8-58,QY-8-58-WHT,2025-05-31,51.168
QY-8-58,QY-8-58-WHT,2025-06-01,53.208
QY-8-58,QY-8-58-WHT,2025-06-02,54.314
QY-8-58,QY-8-58-WHT,2025-06-03,56.908
QY-8-58,QY-8-58-WHT,2025-06-04,53.878
QY-8-58,QY-8-58-WHT,2025-06-05,52.322
QY-8-58,QY-8-58-WHT,2025-06-06,55.9
QY-8-58,QY-8-58-WHT,2025-06-07,55.169
QY-8-58,QY-8-58-WHT,2025-06-08,53.311
QY-8-58,QY-8-58-WHT,2025-06-09,54.565
QY-8-58,QY-8-58-WHT,2025-06-10,53.924
QY-8-58,QY-8-58-WHT,2025-06-11,50.938
QY-8-58,QY-8-58-WHT,2025-06-12,52.203
QY-8-58,QY-8-58-WHT,2025-06-13,55.947
QY-8-58,QY-8-58-WHT,2025-06-14,48.66
QY-8-58,QY-8-58-WHT,2025-06-15,53.47
QY-8-58,QY-8-58-WHT,2025-06-16,55.84
QY-8-58,QY-8-58-WHT,2025-06-17,51.271
QY-8-58,QY-8-58-WHT,2025-06-18,50.465
QY-8-58,QY-8-58-WHT,2025-06-19,54.599
QY-8-58,QY-8-58-WHT,2025-06-20,52.177
QY-8-58,QY-8-58-WHT,2025-06-21,53.588
QY-8-58,QY-8-58-WHT,2025-06-22,56.232
QY-8-58,QY-8-58-WHT,2025-06-23,52.784
QY-8-58,QY-8-58-WHT,2025-06-24,49.807
QY-8-58,QY-8-58-WHT,2025-06-25,51.859
QY-8-58,QY-8-58-WHT,2025-06-26,53.059
QY-8-58,QY-8-58-WHT,2025-06-27,54.957
QY-8-58,QY-8-58-WHT,2025-06-28,56.408
QY-8-58,QY-8-58-WHT,2025-06-29,53.634
QY-8-58,QY-8-58-WHT,2025-06-30,52.426
QY-8-58,QY-8-58-WHT,2025-07-01,53.526
QY-8-58,QY-8-58-WHT,2025-07-02,52.476
QY-8-58,QY-8-58-WHT,2025-07-03,54.492
QY-8-58,QY-8-58-WHT,2025-07-04,54.464
QY-8-58,QY-8-58-WHT,2025-07-05,55.483
QY-8-58,QY-8-58-WHT,2025-07-06,55.43
QY-8-58,QY-8-58-WHT,2025-07-07,51.236
QY-8-58,QY-8-58-WHT,2025-07-08,52.474
QY-8-58,QY-8-58-WHT,2025-07-09,52.274
QY-8-58,QY-8-58-WHT,2025-07-10,52.267
QY-8-58,QY-8-58-WHT,2025-07-11,53.465
QY-8-58,QY-8-58-WHT,2025-07-12,49.409
QY-8-58,QY-8-58-WHT,2025-07-13,51.257
QY-8-58,QY-8-58-WHT,2025-07-14,53.666
QY-8-58,QY-8-58-WHT,2025-07-15,51.926
QY-8-58,QY-8-58-WHT,2025-07-16,48.302
QY-8-58,QY-8-58-WHT,2025-07-17,51.992
QY-8-58,QY-8-58-WHT,2025-07-18,53.097
QY-8-58,QY-8-58-WHT,2025-07-19,55.514
QY-8-58,QY-8-58-WHT,2025-07-20,25.405
QY-8-58,QY-8-58-WHT,2025-07-21,51.489
QY-8-58,QY-8-58-WHT,2025-07-22,58.113
QY-8-58,QY-8-58-WHT,2025-07-23,49.513
QY-8-58,QY-8-58-WHT,2025-07-24,54.089
QY-8-58,QY-8-58-WHT,2025-07-25,51.616
QY-8-58,QY-8-58-WHT,2025-07-26,50.497
QY-8-58,QY-8-58-WHT,2025-07-27,49.167
QY-8-58,QY-8-58-WHT,2025-07-28,48.295
QY-8-58,QY-8-58-WHT,2025-07-29,51.476
QY-8-58,QY-8-58-WHT,2025-07-30,52.17
QY-8-58,QY-8-58-WHT,2025-07-31,51.873
QY-8-58,QY-8-58-WHT,2025-08-01,55.311
QY-8-58,QY-8-58-WHT,2025-08-02,51.26
QY-8-58,QY-8-58-WHT,2025-08-03,52.904
QY-8-58,QY-8-58-WHT,2025-08-04,54.556
QY-8-58,QY-8-58-WHT,2025-08-05,53.563
QY-8-58,QY-8-58-WHT,2025-08-06,51.555
QY-8-58,QY-8-58-WHT,2025-08-07,51.723
QY-8-58,QY-8-58-WHT,2025-08-08,50.59
QY-8-58,QY-8-58-WHT,2025-08-09,50.728
QY-8-58,QY-8-58-WHT,2025-08-10,53.082
QY-8-58,QY-8-58-WHT,2025-08-11,50.589
QY-8-58,QY-8-58-WHT,2025-08-12,49.554
QY-8-58,QY-8-58-WHT,2025-08-13,54.566
QY-8-58,QY-8-58-WHT,2025-08-14,49.276
QY-8-58,QY-8-58-WHT,2025-08-15,50.247
QY-8-58,QY-8-58-WHT,2025-08-16,50.62
QY-8-58,QY-8-58-WHT,2025-08-17,49.962
QY-8-58,QY-8-58-WHT,2025-08-18,52.399
QY-8-58,QY-8-58-WHT,2025-08-19,53.22
QY-8-58,QY-8-58-WHT,2025-08-20,48.093
QY-8-58,QY-8-58-WHT,2025-08-21,55.262
QY-8-58,QY-8-58-WHT,2025-08-22,51.516
QY-8-58,QY-8-58-WHT,2025-08-23,52.302
QY-8-58,QY-8-58-WHT,2025-08-24,48.191
QY-8-58,QY-8-58-WHT,2025-08-25,50.151
QY-8-58,QY-8-58-WHT,2025-08-26,50.697
QY-8-58,QY-8-58-WHT,2025-08-27,50.458
QY-8-58,QY-8-58-WHT,2025-08-28,55.185
QY-8-58,QY-8-58-WHT,2025-08-29,54.373
QY-8-58,QY-8-58-WHT,2025-08-30,54.625
QY-8-58,QY-8-58-WHT,2025-08-31,25.405
QY-8-58,QY-8-58-WHT,2025-09-01,46.918
QY-8-58,QY-8-58-WHT,2025-09-02,51.107
QY-8-58,QY-8-58-WHT,2025-09-03,49.212
QY-8-58,QY-8-58-WHT,2025-09-04,48.918
QY-8-58,QY-8-58-WHT,2025-09-05,52.959
QY-8-58,QY-8-58-WHT,2025-09-06,53.181
QY-8-58,QY-8-58-WHT,2025-09-07,48.803
QY-8-58,QY-8-58-WHT,2025-09-08,52.171
QY-8-58,QY-8-58-WHT,2025-09-09,54.337
QY-8-58,QY-8-58-WHT,2025-09-10,52.635
QY-8-58,QY-8-58-WHT,2025-09-11,47.716
QY-8-58,QY-8-58-WHT,2025-09-12,47.091
QY-8-58,QY-8-58-WHT,2025-09-13,53.723
QY-8-58,QY-8-58-WHT,2025-09-14,50.322
QY-8-58,QY-8-58-WHT,2025-09-15,50.564
QY-8-58,QY-8-58-WHT,2025-09-16,48.016
QY-8-58,QY-8-58-WHT,2025-09-17,51.87
QY-8-58,QY-8-58-WHT,2025-09-18,48.029
QY-8-58,QY-8-58-WHT,2025-09-19,52.206
QY-8-58,QY-8-58-WHT,2025-09-20,50.915
QY-8-58,QY-8-58-WHT,2025-09-21,52.254
QY-8-58,QY-8-58-WHT,2025-09-22,50.794
QY-8-58,QY-8-58-WHT,2025-09-23,50.056
QY-8-58,QY-8-58-WHT,2025-09-24,49.459
QY-8-58,QY-8-58-WHT,2025-09-25,51.228
QY-8-58,QY-8-58-WHT,2025-09-26,52.04
QY-8-58,QY-8-58-WHT,2025-09-27,50.687
QY-8-58,QY-8-58-WHT,2025-09-28,52.293
QY-8-58,QY-8-58-WHT,2025-09-29,50.432
QY-8-58,QY-8-58-WHT,2025-09-30,50.621
QY-8-58,QY-8-58-WHT,2025-10-01,49.81
QY-8-58,QY-8-58-WHT,2025-10-02,50.351
QY-8-58,QY-8-58-WHT,2025-10-03,49.151
QY-8-58,QY-8-58-WHT,2025-10-04,47.767
QY-8-58,QY-8-58-WHT,2025-10-05,46.569
QY-8-58,QY-8-58-WHT,2025-10-06,50.541
QY-8-58,QY-8-58-WHT,2025-10-07,53.34
QY-8-58,QY-8-58-WHT,2025-10-08,49.136
QY-8-58,QY-8-58-WHT,2025-10-09,47.894
QY-8-58,QY-8-58-WHT,2025-10-10,49.585
QY-8-58,QY-8-58-WHT,2025-10-11,51.127
QY-8-58,QY-8-58-WHT,2025-10-12,49.733
QY-8-58,QY-8-58-WHT,2025-10-13,48.329
QY-8-58,QY-8-58-WHT,2025-10-14,49.629
QY-8-58,QY-8-58-WHT,2025-10-15,52.344
QY-8-58,QY-8-58-WHT,2025-10-16,46.682
QY-8-58,QY-8-58-WHT,2025-10-17,51.25
QY-8-58,QY-8-58-WHT,2025-10-18,50.716
QY-8-58,QY-8-58-WHT,2025-10-19,49.325
QY-8-58,QY-8-58-WHT,2025-10-20,49.693
QY-8-58,QY-8-58-WHT,2025-10-21,50.501
QY-8-58,QY-8-58-WHT,2025-10-22,50.984
QY-8-58,QY-8-58-WHT,2025-10-23,52.46
QY-8-58,QY-8-58-WHT,2025-10-24,48.292
QY-8-58,QY-8-58-WHT,2025-10-25,46.309
QY-8-58,QY-8-58-WHT,2025-10-26,45.379
QY-8-58,QY-8-58-WHT,2025-10-27,48.89
QY-8-58,QY-8-58-WHT,2025-10-28,49.243
QY-8-58,QY-8-58-WHT,2025-10-29,48.07
QY-8-58,QY-8-58-WHT,2025-10-30,46.867
QY-8-58,QY-8-58-WHT,2025-10-31,50.287
QY-8-58,QY-8-58-WHT,2025-11-01,47.341
QY-8-58,QY-8-58-WHT,2025-11-02,52.897
QY-8-58,QY-8-58-WHT,2025-11-03,49.278
QY-8-58,QY-8-58-WHT,2025-11-04,45.297
QY-8-58,QY-8-58-WHT,2025-11-05,46.773
QY-8-58,QY-8-58-WHT,2025-11-06,47.171
QY-8-58,QY-8-58-WHT,2025-11-07,25.405
QY-8-58,QY-8-58-WHT,2025-11-08,46.448
QY-8-58,QY-8-58-WHT,2025-11-09,47.34
QY-8-58,QY-8-58-WHT,2025-11-10,46.887
QY-8-58,QY-8-58-WHT,2025-11-11,49.694
QY-8-58,QY-8-58-WHT,2025-11-12,47.933
QY-8-58,QY-8-58-WHT,2025-11-13,53.534
QY-8-58,QY-8-58-WHT,2025-11-14,48.732
QY-8-58,QY-8-58-WHT,2025-11-15,46.568
QY-8-58,QY-8-58-WHT,2025-11-16,48.112
QY-8-58,QY-8-58-WHT,2025-11-17,43.145
QY-8-58,QY-8-58-WHT,2025-11-18,46.021
QY-8-58,QY-8-58-WHT,2025-11-19,49.842
QY-8-58,QY-8-58-WHT,2025-11-20,48.267
QY-8-58,QY-8-58-WHT,2025-11-21,50.144
QY-8-58,QY-8-58-WHT,2025-11-22,45.038
QY-8-58,QY-8-58-WHT,2025-11-23,50.576
QY-8-58,QY-8-58-WHT,2025-11-24,48.304
QY-8-58,QY-8-58-WHT,2025-11-25,47.184
QY-8-58,QY-8-58-WHT,2025-11-26,45.094
QY-8-58,QY-8-58-WHT,2025-11-27,49.786
QY-8-58,QY-8-58-WHT,2025-11-28,48.561
QY-8-58,QY-8-58-WHT,2025-11-29,44.906
QY-8-58,QY-8-58-WHT,2025-11-30,48.115
QY-8-58,QY-8-58-WHT,2025-12-01,44.061
QY-8-58,QY-8-58-WHT,2025-12-02,45.74
QY-8-58,QY-8-58-WHT,2025-12-03,48.849
QY-8-58,QY-8-58-WHT,2025-12-04,46.454
QY-8-58,QY-8-58-WHT,2025-12-05,47.516
QY-8-58,QY-8-58-WHT,2025-12-06,48.632
QY-8-58,QY-8-58-WHT,2025-12-07,48.862
QY-8-58,QY-8-58-WHT,2025-12-08,48.692
QY-8-58,QY-8-58-WHT,2025-12-09,48.521
QY-8-58,QY-8-58-WHT,2025-12-10,47.818
QY-8-58,QY-8-58-WHT,2025-12-11,48.434
QY-8-58,QY-8-58-WHT,2025-12-12,48.015
QY-8-58,QY-8-58-WHT,2025-12-13,48.384
QY-8-58,QY-8-58-WHT,2025-12-14,49.696
QY-8-58,QY-8-58-WHT,2025-12-15,45.818
QY-8-58,QY-8-58-WHT,2025-12-16,42.399
QY-8-58,QY-8-58-WHT,2025-12-17,46.371
QY-8-58,QY-8-58-WHT,2025-12-18,44.018
QY-8-58,QY-8-58-WHT,2025-12-19,47.063
QY-8-58,QY-8-58-WHT,2025-12-20,48.66
QY-8-58,QY-8-58-WHT,2025-12-21,48.7
QY-8-58,QY-8-58-WHT,2025-12-22,49.454
QY-8-58,QY-8-58-WHT,2025-12-23,47.851
QY-8-58,QY-8-58-WHT,2025-12-24,45.506
QY-8-58,QY-8-58-WHT,2025-12-25,45.738
QY-8-58,QY-8-58-WHT,2025-12-26,47.046
QY-8-58,QY-8-58-WHT,2025-12-27,50.367
QY-8-58,QY-8-58-WHT,2025-12-28,46.024
QY-8-58,QY-8-58-WHT,2025-12-29,45.686
QY-8-58,QY-8-58-WHT,2025-12-30,46.68
QY-8-58,QY-8-58-WHT,2025-12-31,44.339
