well_id,channel_id,channel_code,channel_name,unit,range_min,range_max,sample_interval_min
N-01,N-01-WHP,WHP,井口压力,MPa,0.0,40.0,60
N-01,N-01-WHT,WHT,管线温度,°C,-20.0,120.0,60
N-01,N-01-WCT,WCT,含水率,%,0.0,99.9,300
N-02,N-02-WHP,WHP,井口压力,MPa,0.0,40.0,60
N-02,N-02-WHT,WHT,管线温度,°C,-20.0,120.0,60
N-02,N-02-WCT,WCT,含水率,%,0.0,99.9,300
Z-01,Z-01-WHP,WHP,井口压力,MPa,0.0,40.0,60
Z-01,Z-01-WHT,WHT,管线温度,°C,-20.0,120.0,60
Z-01,Z-01-WCT,WCT,含水率,%,0.0,99.9,300
N-03,N-03-WHP,WHP,井口压力,MPa,0.0,40.0,60
N-03,N-03-WHT,WHT,管线温度,°C,-20.0,120.0,60
N-03,N-03-WCT,WCT,含水率,%,0.0,99.9,300
N-04,N-04-WHP,WHP,井口压力,MPa,0.0,40.0,60
N-04,N-04-WHT,WHT,管线温度,°C,-20.0,120.0,60
N-04,N-04-WCT,WCT,含水率,%,0.0,99.9,300
X-01,X-01-WHP,WHP,井口压力,MPa,0.0,40.0,60
X-01,X-01-WHT,WHT,管线温度,°C,-20.0,120.0,60
X-01,X-01-WCT,WCT,含水率,%,0.0,99.9,300
X-02,X-02-WHP,WHP,井口压力,MPa,0.0,40.0,60
X-02,X-02-WHT,WHT,管线温度,°C,-20.0,120.0,60
X-02,X-02-WCT,WCT,含水率,%,0.0,99.9,300
N-05,N-05-WHP,WHP,井口压力,MPa,0.0,40.0,60
N-05,N-05-WHT,WHT,管线温度,°C,-20.0,120.0,60
N-05,N-05-WCT,WCT,含水率,%,0.0,99.9,300
Z-02,Z-02-WHP,WHP,井口压力,MPa,0.0,40.0,60
Z-02,Z-02-WHT,WHT,管线温度,°C,-20.0,120.0,60
Z-02,Z-02-WCT,WCT,含水率,%,0.0,99.9,300
X-03,X-03-WHP,WHP,井口压力,MPa,0.0,40.0,60
X-03,X-03-WHT,WHT,管线温度,°C,-20.0,120.0,60
X-03,X-03-WCT,WCT,含水率,%,0.0,99.9,300
Z-03,Z-03-WHP,WHP,井口压力,MPa,0.0,40.0,60
Z-03,Z-03-WHT,WHT,管线温度,°C,-20.0,120.0,60
Z-03,Z-03-WCT,WCT,含水率,%,0.0,99.9,300
Z-04,Z-04-WHP,WHP,井口压力,MPa,0.0,40.0,60
Z-04,Z-04-WHT,WHT,管线温度,°C,-20.0,120.0,60
Z-04,Z-04-WCT,WCT,含水率,%,0.0,99.9,300
N-06,N-06-WHP,WHP,井口压力,MPa,0.0,40.0,60
N-06,N-06-WHT,WHT,管线温度,°C,-20.0,120.0,60
N-06,N-06-WCT,WCT,含水率,%,0.0,99.9,300
X-04,X-04-WHP,WHP,井口压力,MPa,0.0,40.0,60
X-04,X-04-WHT,WHT,管线温度,°C,-20.0,120.0,60
X-04,X-04-WCT,WCT,含水率,%,0.0,99.9,300
Z-05,Z-05-WHP,WHP,井口压力,MPa,0.0,40.0,60
Z-05,Z-05-WHT,WHT,管线温度,°C,-20.0,120.0,60
Z-05,Z-05-WCT,WCT,含水率,%,0.0,99.9,300
N-07,N-07-WHP,WHP,井口压力,MPa,0.0,40.0,60
N-07,N-07-WHT,WHT,管线温度,°C,-20.0,120.0,60
N-07,N-07-WCT,WCT,含水率,%,0.0,99.9,300
Z-06,Z-06-WHP,WHP,井口压力,MPa,0.0,40.0,60
Z-06,Z-06-WHT,WHT,管线温度,°C,-20.0,120.0,60
Z-06,Z-06-WCT,WCT,含水率,%,0.0,99.9,300
N-08,N-08-WHP,WHP,井口压力,MPa,0.0,40.0,60
N-08,N-08-WHT,WHT,管线温度,°C,-20.0,120.0,60
N-08,N-08-WCT,WCT,含水率,%,0.0,99.9,300
Z-07,Z-07-WHP,WHP,井口压力,MPa,0.0,40.0,60
Z-07,Z-07-WHT,WHT,管线温度,°C,-20.0,120.0,60
Z-07,Z-07-WCT,WCT,含水率,%,0.0,99.9,300
X-05,X-05-WHP,WHP,井口压力,MPa,0.0,40.0,60
X-05,X-05-WHT,WHT,管线温度,°C,-20.0,120.0,60
X-05,X-05-WCT,WCT,含水率,%,0.0,99.9,300
X-06,X-06-WHP,WHP,井口压力,MPa,0.0,40.0,60
X-06,X-06-WHT,WHT,管线温度,°C,-20.0,120.0,60
X-06,X-06-WCT,WCT,含水率,%,0.0,99.9,300
Z-08,Z-08-WHP,WHP,井口压力,MPa,0.0,40.0,60
Z-08,Z-08-WHT,WHT,管线温度,°C,-20.0,120.0,60
Z-08,Z-08-WCT,WCT,含水率,%,0.0,99.9,300
X-07,X-07-WHP,WHP,井口压力,MPa,0.0,40.0,60
X-07,X-07-WHT,WHT,管线温度,°C,-20.0,120.0,60
X-07,X-07-WCT,WCT,含水率,%,0.0,99.9,300
N-09,N-09-WHP,WHP,井口压力,MPa,0.0,40.0,60
N-09,N-09-WHT,WHT,管线温度,°C,-20.0,120.0,60
N-09,N-09-WCT,WCT,含水率,%,0.0,99.9,300
Z-09,Z-09-WHP,WHP,井口压力,MPa,0.0,40.0,60
Z-09,Z-09-WHT,WHT,管线温度,°C,-20.0,120.0,60
Z-09,Z-09-WCT,WCT,含水率,%,0.0,99.9,300
X-08,X-08-WHP,WHP,井口压力,MPa,0.0,40.0,60
X-08,X-08-WHT,WHT,管线温度,°C,-20.0,120.0,60
X-08,X-08-WCT,WCT,含水率,%,0.0,99.9,300
Z-10,Z-10-WHP,WHP,井口压力,MPa,0.0,40.0,60
Z-10,Z-10-WHT,WHT,管线温度,°C,-20.0,120.0,60
Z-10,Z-10-WCT,WCT,含水率,%,0.0,99.9,300
N-10,N-10-WHP,WHP,井口压力,MPa,0.0,40.0,60
N-10,N-10-WHT,WHT,管线温度,°C,-20.0,120.0,60
N-10,N-10-WCT,WCT,含水率,%,0.0,99.9,300
N-11,N-11-WHP,WHP,井口压力,MPa,0.0,40.0,60
N-11,N-11-WHT,WHT,管线温度,°C,-20.0,120.0,60
N-11,N-11-WCT,WCT,含水率,%,0.0,99.9,300
N-12,N-12-WHP,WHP,井口压力,MPa,0.0,40.0,60
N-12,N-12-WHT,WHT,管线温度,°C,-20.0,120.0,60
N-12,N-12-WCT,WCT,含水率,%,0.0,99.9,300
X-09,X-09-WHP,WHP,井口压力,MPa,0.0,40.0,60
X-09,X-09-WHT,WHT,管线温度,°C,-20.0,120.0,60
X-09,X-09-WCT,WCT,含水率,%,0.0,99.9,300
Z-11,Z-11-WHP,WHP,井口压力,MPa,0.0,40.0,60
Z-11,Z-11-WHT,WHT,管线温度,°C,-20.0,120.0,60
Z-11,Z-11-WCT,WCT,含水率,%,0.0,99.9,300
Z-12,Z-12-WHP,WHP,井口压力,MPa,0.0,40.0,60
Z-12,Z-12-WHT,WHT,管线温度,°C,-20.0,120.0,60
Z-12,Z-12-WCT,WCT,含水率,%,0.0,99.9,300
Z-13,Z-13-WHP,WHP,井口压力,MPa,0.0,40.0,60
Z-13,Z-13-WHT,WHT,管线温度,°C,-20.0,120.0,60
Z-13,Z-13-WCT,WCT,含水率,%,0.0,99.9,300
Z-14,Z-14-WHP,WHP,井口压力,MPa,0.0,40.0,60
Z-14,Z-14-WHT,WHT,管线温度,°C,-20.0,120.0,60
Z-14,Z-14-WCT,WCT,含水率,%,0.0,99.9,300
N-13,N-13-WHP,WHP,井口压力,MPa,0.0,40.0,60
N-13,N-13-WHT,WHT,管线温度,°C,-20.0,120.0,60
N-13,N-13-WCT,WCT,含水率,%,0.0,99.9,300
X-10,X-10-WHP,WHP,井口压力,MPa,0.0,40.0,60
X-10,X-10-WHT,WHT,管线温度,°C,-20.0,120.0,60
X-10,X-10-WCT,WCT,含水率,%,0.0,99.9,300
X-11,X-11-WHP,WHP,井口压力,MPa,0.0,40.0,60
X-11,X-11-WHT,WHT,管线温度,°C,-20.0,120.0,60
X-11,X-11-WCT,WCT,含水率,%,0.0,99.9,300
X-12,X-12-WHP,WHP,井口压力,MPa,0.0,40.0,60
X-12,X-12-WHT,WHT,管线温度,°C,-20.0,120.0,60
X-12,X-12-WCT,WCT,含水率,%,0.0,99.9,300
X-13,X-13-WHP,WHP,井口压力,MPa,0.0,40.0,60
X-13,X-13-WHT,WHT,管线温度,°C,-20.0,120.0,60
X-13,X-13-WCT,WCT,含水率,%,0.0,99.9,300
N-14,N-14-WHP,WHP,井口压力,MPa,0.0,40.0,60
N-14,N-14-WHT,WHT,管线温度,°C,-20.0,120.0,60
N-14,N-14-WCT,WCT,含水率,%,0.0,99.9,300
N-15,N-15-WHP,WHP,井口压力,MPa,0.0,40.0,60
N-15,N-15-WHT,WHT,管线温度,°C,-20.0,120.0,60
N-15,N-15-WCT,WCT,含水率,%,0.0,99.9,300
X-14,X-14-WHP,WHP,井口压力,MPa,0.0,40.0,60
X-14,X-14-WHT,WHT,管线温度,°C,-20.0,120.0,60
X-14,X-14-WCT,WCT,含水率,%,0.0,99.9,300
N-16,N-16-WHP,WHP,井口压力,MPa,0.0,40.0,60
N-16,N-16-WHT,WHT,管线温度,°C,-20.0,120.0,60
N-16,N-16-WCT,WCT,含水率,%,0.0,99.9,300
X-15,X-15-WHP,WHP,井口压力,MPa,0.0,40.0,60
X-15,X-15-WHT,WHT,管线温度,°C,-20.0,120.0,60
X-15,X-15-WCT,WCT,含水率,%,0.0,99.9,300
X-16,X-16-WHP,WHP,井口压力,MPa,0.0,40.0,60
X-16,X-16-WHT,WHT,管线温度,°C,-20.0,120.0,60
X-16,X-16-WCT,WCT,含水率,%,0.0,99.9,300
Z-15,Z-15-WHP,WHP,井口压力,MPa,0.0,40.0,60
Z-15,Z-15-WHT,WHT,管线温度,°C,-20.0,120.0,60
Z-15,Z-15-WCT,WCT,含水率,%,0.0,99.9,300
Z-16,Z-16-WHP,WHP,井口压力,MPa,0.0,40.0,60
Z-16,Z-16-WHT,WHT,管线温度,°C,-20.0,120.0,60
Z-16,Z-16-WCT,WCT,含水率,%,0.0,99.9,300
N-17,N-17-WHP,WHP,井口压力,MPa,0.0,40.0,60
N-17,N-17-WHT,WHT,管线温度,°C,-20.0,120.0,60
N-17,N-17-WCT,WCT,含水率,%,0.0,99.9,300
Z-17,Z-17-WHP,WHP,井口压力,MPa,0.0,40.0,60
Z-17,Z-17-WHT,WHT,管线温度,°C,-20.0,120.0,60
Z-17,Z-17-WCT,WCT,含水率,%,0.0,99.9,300
Z-18,Z-18-WHP,WHP,井口压力,MPa,0.0,40.0,60
Z-18,Z-18-WHT,WHT,管线温度,°C,-20.0,120.0,60
Z-18,Z-18-WCT,WCT,含水率,%,0.0,99.9,300
N-18,N-18-WHP,WHP,井口压力,MPa,0.0,40.0,60
N-18,N-18-WHT,WHT,管线温度,°C,-20.0,120.0,60
N-18,N-18-WCT,WCT,含水率,%,0.0,99.9,300
N-19,N-19-WHP,WHP,井口压力,MPa,0.0,40.0,60
N-19,N-19-WHT,WHT,管线温度,°C,-20.0,120.0,60
N-19,N-19-WCT,WCT,含水率,%,0.0,99.9,300
N-20,N-20-WHP,WHP,井口压力,MPa,0.0,40.0,60
N-20,N-20-WHT,WHT,管线温度,°C,-20.0,120.0,60
N-20,N-20-WCT,WCT,含水率,%,0.0,99.9,300
Z-19,Z-19-WHP,WHP,井口压力,MPa,0.0,40.0,60
Z-19,Z-19-WHT,WHT,管线温度,°C,-20.0,120.0,60
Z-19,Z-19-WCT,WCT,含水率,%,0.0,99.9,300
X-17,X-17-WHP,WHP,井口压力,MPa,0.0,40.0,60
X-17,X-17-WHT,WHT,管线温度,°C,-20.0,120.0,60
X-17,X-17-WCT,WCT,含水率,%,0.0,99.9,300
X-18,X-18-WHP,WHP,井口压力,MPa,0.0,40.0,60
X-18,X-18-WHT,WHT,管线温度,°C,-20.0,120.0,60
X-18,X-18-WCT,WCT,含水率,%,0.0,99.9,300
X-19,X-19-WHP,WHP,井口压力,MPa,0.0,40.0,60
X-19,X-19-WHT,WHT,管线温度,°C,-20.0,120.0,60
X-19,X-19-WCT,WCT,含水率,%,0.0,99.9,300
X-20,X-20-WHP,WHP,井口压力,MPa,0.0,40.0,60
X-20,X-20-WHT,WHT,管线温度,°C,-20.0,120.0,60
X-20,X-20-WCT,WCT,含水率,%,0.0,99.9,300
Z-20,Z-20-WHP,WHP,井口压力,MPa,0.0,40.0,60
Z-20,Z-20-WHT,WHT,管线温度,°C,-20.0,120.0,60
Z-20,Z-20-WCT,WCT,含水率,%,0.0,99.9,300
Z-21,Z-21-WHP,WHP,井口压力,MPa,0.0,40.0,60
Z-21,Z-21-WHT,WHT,管线温度,°C,-20.0,120.0,60
Z-21,Z-21-WCT,WCT,含水率,%,0.0,99.9,300
Z-22,Z-22-WHP,WHP,井口压力,MPa,0.0,40.0,60
Z-22,Z-22-WHT,WHT,管线温度,°C,-20.0,120.0,60
Z-22,Z-22-WCT,WCT,含水率,%,0.0,99.9,300
Z-23,Z-23-WHP,WHP,井口压力,MPa,0.0,40.0,60
Z-23,Z-23-WHT,WHT,管线温度,°C,-20.0,120.0,60
Z-23,Z-23-WCT,WCT,含水率,%,0.0,99.9,300
N-21,N-21-WHP,WHP,井口压力,MPa,0.0,40.0,60
N-21,N-21-WHT,WHT,管线温度,°C,-20.0,120.0,60
N-21,N-21-WCT,WCT,含水率,%,0.0,99.9,300
N-22,N-22-WHP,WHP,井口压力,MPa,0.0,40.0,60
N-22,N-22-WHT,WHT,管线温度,°C,-20.0,120.0,60
N-22,N-22-WCT,WCT,含水率,%,0.0,99.9,300
N-23,N-23-WHP,WHP,井口压力,MPa,0.0,40.0,60
N-23,N-23-WHT,WHT,管线温度,°C,-20.0,120.0,60
N-23,N-23-WCT,WCT,含水率,%,0.0,99.9,300
Z-24,Z-24-WHP,WHP,井口压力,MPa,0.0,40.0,60
Z-24,Z-24-WHT,WHT,管线温度,°C,-20.0,120.0,60
Z-24,Z-24-WCT,WCT,含水率,%,0.0,99.9,300
Z-25,Z-25-WHP,WHP,井口压力,MPa,0.0,40.0,60
Z-25,Z-25-WHT,WHT,管线温度,°C,-20.0,120.0,60
Z-25,Z-25-WCT,WCT,含水率,%,0.0,99.9,300
Z-26,Z-26-WHP,WHP,井口压力,MPa,0.0,40.0,60
Z-26,Z-26-WHT,WHT,管线温度,°C,-20.0,120.0,60
Z-26,Z-26-WCT,WCT,含水率,%,0.0,99.9,300
N-24,N-24-WHP,WHP,井口压力,MPa,0.0,40.0,60
N-24,N-24-WHT,WHT,管线温度,°C,-20.0,120.0,60
N-24,N-24-WCT,WCT,含水率,%,0.0,99.9,300
X-21,X-21-WHP,WHP,井口压力,MPa,0.0,40.0,60
X-21,X-21-WHT,WHT,管线温度,°C,-20.0,120.0,60
X-21,X-21-WCT,WCT,含水率,%,0.0,99.9,300
Z-27,Z-27-WHP,WHP,井口压力,MPa,0.0,40.0,60
Z-27,Z-27-WHT,WHT,管线温度,°C,-20.0,120.0,60
Z-27,Z-27-WCT,WCT,含水率,%,0.0,99.9,300
X-22,X-22-WHP,WHP,井口压力,MPa,0.0,40.0,60
X-22,X-22-WHT,WHT,管线温度,°C,-20.0,120.0,60
X-22,X-22-WCT,WCT,含水率,%,0.0,99.9,300
X-23,X-23-WHP,WHP,井口压力,MPa,0.0,40.0,60
X-23,X-23-WHT,WHT,管线温度,°C,-20.0,120.0,60
X-23,X-23-WCT,WCT,含水率,%,0.0,99.9,300
N-25,N-25-WHP,WHP,井口压力,MPa,0.0,40.0,60
N-25,N-25-WHT,WHT,管线温度,°C,-20.0,120.0,60
N-25,N-25-WCT,WCT,含水率,%,0.0,99.9,300
X-24,X-24-WHP,WHP,井口压力,MPa,0.0,40.0,60
X-24,X-24-WHT,WHT,管线温度,°C,-20.0,120.0,60
X-24,X-24-WCT,WCT,含水率,%,0.0,99.9,300
Z-28,Z-28-WHP,WHP,井口压力,MPa,0.0,40.0,60
Z-28,Z-28-WHT,WHT,管线温度,°C,-20.0,120.0,60
Z-28,Z-28-WCT,WCT,含水率,%,0.0,99.9,300
Z-29,Z-29-WHP,WHP,井口压力,MPa,0.0,40.0,60
Z-29,Z-29-WHT,WHT,管线温度,°C,-20.0,120.0,60
Z-29,Z-29-WCT,WCT,含水率,%,0.0,99.9,300
Z-30,Z-30-WHP,WHP,井口压力,MPa,0.0,40.0,60
Z-30,Z-30-WHT,WHT,管线温度,°C,-20.0,120.0,60
Z-30,Z-30-WCT,WCT,含水率,%,0.0,99.9,300
Z-31,Z-31-WHP,WHP,井口压力,MPa,0.0,40.0,60
Z-31,Z-31-WHT,WHT,管线温度,°C,-20.0,120.0,60
Z-31,Z-31-WCT,WCT,含水率,%,0.0,99.9,300
Z-32,Z-32-WHP,WHP,井口压力,MPa,0.0,40.0,60
Z-32,Z-32-WHT,WHT,管线温度,°C,-20.0,120.0,60
Z-32,Z-32-WCT,WCT,含水率,%,0.0,99.9,300
N-26,N-26-WHP,WHP,井口压力,MPa,0.0,40.0,60
N-26,N-26-WHT,WHT,管线温度,°C,-20.0,120.0,60
N-26,N-26-WCT,WCT,含水率,%,0.0,99.9,300
N-27,N-27-WHP,WHP,井口压力,MPa,0.0,40.0,60
N-27,N-27-WHT,WHT,管线温度,°C,-20.0,120.0,60
N-27,N-27-WCT,WCT,含水率,%,0.0,99.9,300
Z-33,Z-33-WHP,WHP,井口压力,MPa,0.0,40.0,60
Z-33,Z-33-WHT,WHT,管线温度,°C,-20.0,120.0,60
Z-33,Z-33-WCT,WCT,含水率,%,0.0,99.9,300
X-25,X-25-WHP,WHP,井口压力,MPa,0.0,40.0,60
X-25,X-25-WHT,WHT,管线温度,°C,-20.0,120.0,60
X-25,X-25-WCT,WCT,含水率,%,0.0,99.9,300
Z-34,Z-34-WHP,WHP,井口压力,MPa,0.0,40.0,60
Z-34,Z-34-WHT,WHT,管线温度,°C,-20.0,120.0,60
Z-34,Z-34-WCT,WCT,含水率,%,0.0,99.9,300
X-26,X-26-WHP,WHP,井口压力,MPa,0.0,40.0,60
X-26,X-26-WHT,WHT,管线温度,°C,-20.0,120.0,60
X-26,X-26-WCT,WCT,含水率,%,0.0,99.9,300
Z-35,Z-35-WHP,WHP,井口压力,MPa,0.0,40.0,60
Z-35,Z-35-WHT,WHT,管线温度,°C,-20.0,120.0,60
Z-35,Z-35-WCT,WCT,含水率,%,0.0,99.9,300
N-28,N-28-WHP,WHP,井口压力,MPa,0.0,40.0,60
N-28,N-28-WHT,WHT,管线温度,°C,-20.0,120.0,60
N-28,N-28-WCT,WCT,含水率,%,0.0,99.9,300
N-29,N-29-WHP,WHP,井口压力,MPa,0.0,40.0,60
N-29,N-29-WHT,WHT,管线温度,°C,-20.0,120.0,60
N-29,N-29-WCT,WCT,含水率,%,0.0,99.9,300
N-30,N-30-WHP,WHP,井口压力,MPa,0.0,40.0,60
N-30,N-30-WHT,WHT,管线温度,°C,-20.0,120.0,60
N-30,N-30-WCT,WCT,含水率,%,0.0,99.9,300
Z-36,Z-36-WHP,WHP,井口压力,MPa,0.0,40.0,60
Z-36,Z-36-WHT,WHT,管线温度,°C,-20.0,120.0,60
Z-36,Z-36-WCT,WCT,含水率,%,0.0,99.9,300
Z-37,Z-37-WHP,WHP,井口压力,MPa,0.0,40.0,60
Z-37,Z-37-WHT,WHT,管线温度,°C,-20.0,120.0,60
Z-37,Z-37-WCT,WCT,含水率,%,0.0,99.9,300
Z-38,Z-38-WHP,WHP,井口压力,MPa,0.0,40.0,60
Z-38,Z-38-WHT,WHT,管线温度,°C,-20.0,120.0,60
Z-38,Z-38-WCT,WCT,含水率,%,0.0,99.9,300
Z-39,Z-39-WHP,WHP,井口压力,MPa,0.0,40.0,60
Z-39,Z-39-WHT,WHT,管线温度,°C,-20.0,120.0,60
Z-39,Z-39-WCT,WCT,含水率,%,0.0,99.9,300
N-31,N-31-WHP,WHP,井口压力,MPa,0.0,40.0,60
N-31,N-31-WHT,WHT,管线温度,°C,-20.0,120.0,60
N-31,N-31-WCT,WCT,含水率,%,0.0,99.9,300
Z-40,Z-40-WHP,WHP,井口压力,MPa,0.0,40.0,60
Z-40,Z-40-WHT,WHT,管线温度,°C,-20.0,120.0,60
Z-40,Z-40-WCT,WCT,含水率,%,0.0,99.9,300
X-27,X-27-WHP,WHP,井口压力,MPa,0.0,40.0,60
X-27,X-27-WHT,WHT,管线温度,°C,-20.0,120.0,60
X-27,X-27-WCT,WCT,含水率,%,0.0,99.9,300
N-32,N-32-WHP,WHP,井口压力,MPa,0.0,40.0,60
N-32,N-32-WHT,WHT,管线温度,°C,-20.0,120.0,60
N-32,N-32-WCT,WCT,含水率,%,0.0,99.9,300
N-33,N-33-WHP,WHP,井口压力,MPa,0.0,40.0,60
N-33,N-33-WHT,WHT,管线温度,°C,-20.0,120.0,60
N-33,N-33-WCT,WCT,含水率,%,0.0,99.9,300
N-34,N-34-WHP,WHP,井口压力,MPa,0.0,40.0,60
N-34,N-34-WHT,WHT,管线温度,°C,-20.0,120.0,60
N-34,N-34-WCT,WCT,含水率,%,0.0,99.9,300
N-35,N-35-WHP,WHP,井口压力,MPa,0.0,40.0,60
N-35,N-35-WHT,WHT,管线温度,°C,-20.0,120.0,60
N-35,N-35-WCT,WCT,含水率,%,0.0,99.9,300
X-28,X-28-WHP,WHP,井口压力,MPa,0.0,40.0,60
X-28,X-28-WHT,WHT,管线温度,°C,-20.0,120.0,60
X-28,X-28-WCT,WCT,含水率,%,0.0,99.9,300
N-36,N-36-WHP,WHP,井口压力,MPa,0.0,40.0,60
N-36,N-36-WHT,WHT,管线温度,°C,-20.0,120.0,60
N-36,N-36-WCT,WCT,含水率,%,0.0,99.9,300
Z-41,Z-41-WHP,WHP,井口压力,MPa,0.0,40.0,60
Z-41,Z-41-WHT,WHT,管线温度,°C,-20.0,120.0,60
Z-41,Z-41-WCT,WCT,含水率,%,0.0,99.9,300
X-29,X-29-WHP,WHP,井口压力,MPa,0.0,40.0,60
X-29,X-29-WHT,WHT,管线温度,°C,-20.0,120.0,60
X-29,X-29-WCT,WCT,含水率,%,0.0,99.9,300
N-37,N-37-WHP,WHP,井口压力,MPa,0.0,40.0,60
N-37,N-37-WHT,WHT,管线温度,°C,-20.0,120.0,60
N-37,N-37-WCT,WCT,含水率,%,0.0,99.9,300
Z-42,Z-42-WHP,WHP,井口压力,MPa,0.0,40.0,60
Z-42,Z-42-WHT,WHT,管线温度,°C,-20.0,120.0,60
Z-42,Z-42-WCT,WCT,含水率,%,0.0,99.9,300
N-38,N-38-WHP,WHP,井口压力,MPa,0.0,40.0,60
N-38,N-38-WHT,WHT,管线温度,°C,-20.0,120.0,60
N-38,N-38-WCT,WCT,含水率,%,0.0,99.9,300
N-39,N-39-WHP,WHP,井口压力,MPa,0.0,40.0,60
N-39,N-39-WHT,WHT,管线温度,°C,-20.0,120.0,60
N-39,N-39-WCT,WCT,含水率,%,0.0,99.9,300
X-30,X-30-WHP,WHP,井口压力,MPa,0.0,40.0,60
X-30,X-30-WHT,WHT,管线温度,°C,-20.0,120.0,60
X-30,X-30-WCT,WCT,含水率,%,0.0,99.9,300
Z-43,Z-43-WHP,WHP,井口压力,MPa,0.0,40.0,60
Z-43,Z-43-WHT,WHT,管线温度,°C,-20.0,120.0,60
Z-43,Z-43-WCT,WCT,含水率,%,0.0,99.9,300
X-31,X-31-WHP,WHP,井口压力,MPa,0.0,40.0,60
X-31,X-31-WHT,WHT,管线温度,°C,-20.0,120.0,60
X-31,X-31-WCT,WCT,含水率,%,0.0,99.9,300
N-40,N-40-WHP,WHP,井口压力,MPa,0.0,40.0,60
N-40,N-40-WHT,WHT,管线温度,°C,-20.0,120.0,60
N-40,N-40-WCT,WCT,含水率,%,0.0,99.9,300
N-41,N-41-WHP,WHP,井口压力,MPa,0.0,40.0,60
N-41,N-41-WHT,WHT,管线温度,°C,-20.0,120.0,60
N-41,N-41-WCT,WCT,含水率,%,0.0,99.9,300
N-42,N-42-WHP,WHP,井口压力,MPa,0.0,40.0,60
N-42,N-42-WHT,WHT,管线温度,°C,-20.0,120.0,60
N-42,N-42-WCT,WCT,含水率,%,0.0,99.9,300
N-43,N-43-WHP,WHP,井口压力,MPa,0.0,40.0,60
N-43,N-43-WHT,WHT,管线温度,°C,-20.0,120.0,60
N-43,N-43-WCT,WCT,含水率,%,0.0,99.9,300
Z-44,Z-44-WHP,WHP,井口压力,MPa,0.0,40.0,60
Z-44,Z-44-WHT,WHT,管线温度,°C,-20.0,120.0,60
Z-44,Z-44-WCT,WCT,含水率,%,0.0,99.9,300
N-44,N-44-WHP,WHP,井口压力,MPa,0.0,40.0,60
N-44,N-44-WHT,WHT,管线温度,°C,-20.0,120.0,60
N-44,N-44-WCT,WCT,含水率,%,0.0,99.9,300
Z-45,Z-45-WHP,WHP,井口压力,MPa,0.0,40.0,60
Z-45,Z-45-WHT,WHT,管线温度,°C,-20.0,120.0,60
Z-45,Z-45-WCT,WCT,含水率,%,0.0,99.9,300
