well_id,well_name,well_type,first_prod_date,platform,block_name,field_name,current_status,remarks
N-01,渤南01,EW,2020-05-13,CEP-C,渤南,渤南油田,待弃置,
N-02,渤南02,EW,2019-03-21,CEP-D,渤南,渤南油田,生产中,
Z-01,渤中01,EW,2020-11-28,CEP-A,渤中,渤中油田,生产中,
N-03,渤南03,EW,2020-11-11,CEP-D,渤南,渤南油田,生产中,
N-04,渤南04,EW,2019-05-17,CEP-C,渤南,渤南油田,生产中,
X-01,渤西01,EW,2020-09-21,CEP-B,渤西,渤西油田,生产中,
X-02,渤西02,EW,2019-05-26,CEP-E,渤西,渤西油田,生产中,
N-05,渤南05,EW,2019-10-17,CEP-B,渤南,渤南油田,生产中,
Z-02,渤中02,EW,2019-04-26,CEP-D,渤中,渤中油田,生产中,
X-03,渤西03,EW,2019-02-06,CEP-D,渤西,渤西油田,生产中,
Z-03,渤中03,EW,2020-09-12,CEP-C,渤中,渤中油田,生产中,
Z-04,渤中04,EW,2019-05-22,CEP-E,渤中,渤中油田,生产中,
N-06,渤南06,EW,2019-08-09,CEP-A,渤南,渤南油田,生产中,
X-04,渤西04,EW,2020-06-23,CEP-A,渤西,渤西油田,生产中,
Z-05,渤中05,EW,2019-03-29,CEP-D,渤中,渤中油田,生产中,
N-07,渤南07,EW,2020-10-27,CEP-C,渤南,渤南油田,生产中,
Z-06,渤中06,EW,2020-08-05,CEP-E,渤中,渤中油田,生产中,
N-08,渤南08,EW,2020-06-09,CEP-B,渤南,渤南油田,生产中,
Z-07,渤中07,EW,2020-10-09,CEP-D,渤中,渤中油田,停产,
X-05,渤西05,EW,2019-08-09,CEP-B,渤西,渤西油田,生产中,
X-06,渤西06,EW,2019-06-04,CEP-A,渤西,渤西油田,生产中,
Z-08,渤中08,EW,2020-04-06,CEP-D,渤中,渤中油田,生产中,
X-07,渤西07,EW,2020-04-10,CEP-A,渤西,渤西油田,生产中,
N-09,渤南09,EW,2019-04-28,CEP-D,渤南,渤南油田,生产中,
Z-09,渤中09,EW,2020-03-12,CEP-C,渤中,渤中油田,生产中,
X-08,渤西08,EW,2020-07-15,CEP-E,渤西,渤西油田,生产中,
Z-10,渤中10,EW,2020-07-02,CEP-B,渤中,渤中油田,生产中,
N-10,渤南10,EW,2020-04-17,CEP-C,渤南,渤南油田,生产中,
N-11,渤南11,EW,2020-01-05,CEP-E,渤南,渤南油田,生产中,
N-12,渤南12,EW,2019-10-23,CEP-D,渤南,渤南油田,生产中,
X-09,渤西09,EW,2020-07-25,CEP-D,渤西,渤西油田,生产中,
Z-11,渤中11,EW,2020-12-23,CEP-D,渤中,渤中油田,生产中,
Z-12,渤中12,EW,2019-10-16,CEP-D,渤中,渤中油田,生产中,
Z-13,渤中13,EW,2019-08-09,CEP-D,渤中,渤中油田,生产中,
Z-14,渤中14,EW,2019-05-21,CEP-E,渤中,渤中油田,生产中,
N-13,渤南13,EW,2020-05-07,CEP-E,渤南,渤南油田,停产,
X-10,渤西10,EW,2019-09-07,CEP-E,渤西,渤西油田,生产中,
X-11,渤西11,EW,2020-03-15,CEP-C,渤西,渤西油田,停产,
X-12,渤西12,EW,2019-06-14,CEP-B,渤西,渤西油田,生产中,
X-13,渤西13,EW,2020-11-04,CEP-C,渤西,渤西油田,生产中,
N-14,渤南14,EW,2019-04-25,CEP-B,渤南,渤南油田,生产中,
N-15,渤南15,EW,2019-03-01,CEP-B,渤南,渤南油田,生产中,
X-14,渤西14,EW,2020-01-14,CEP-E,渤西,渤西油田,生产中,
N-16,渤南16,EW,2020-05-28,CEP-A,渤南,渤南油田,生产中,
X-15,渤西15,EW,2020-08-05,CEP-B,渤西,渤西油田,生产中,
X-16,渤西16,EW,2019-09-06,CEP-E,渤西,渤西油田,生产中,
Z-15,渤中15,EW,2020-02-13,CEP-A,渤中,渤中油田,生产中,
Z-16,渤中16,EW,2020-10-25,CEP-E,渤中,渤中油田,生产中,
N-17,渤南17,EW,2019-11-14,CEP-B,渤南,渤南油田,生产中,
Z-17,渤中17,EW,2020-02-17,CEP-C,渤中,渤中油田,生产中,
Z-18,渤中18,EW,2019-05-02,CEP-B,渤中,渤中油田,生产中,
N-18,渤南18,EW,2020-04-23,CEP-A,渤南,渤南油田,生产中,
N-19,渤南19,EW,2019-01-06,CEP-B,渤南,渤南油田,生产中,
N-20,渤南20,EW,2020-06-18,CEP-C,渤南,渤南油田,生产中,
Z-19,渤中19,EW,2019-05-31,CEP-C,渤中,渤中油田,检修,
X-17,渤西17,EW,2020-11-13,CEP-D,渤西,渤西油田,生产中,
X-18,渤西18,EW,2020-08-26,CEP-C,渤西,渤西油田,生产中,
X-19,渤西19,EW,2020-01-07,CEP-E,渤西,渤西油田,生产中,
X-20,渤西20,EW,2019-11-12,CEP-A,渤西,渤西油田,生产中,
Z-20,渤中20,EW,2020-09-18,CEP-D,渤中,渤中油田,生产中,
Z-21,渤中21,EW,2019-01-02,CEP-A,渤中,渤中油田,生产中,
Z-22,渤中22,EW,2020-12-07,CEP-E,渤中,渤中油田,生产中,
Z-23,渤中23,EW,2019-08-23,CEP-E,渤中,渤中油田,生产中,
N-21,渤南21,EW,2019-07-17,CEP-B,渤南,渤南油田,生产中,
N-22,渤南22,EW,2019-03-11,CEP-E,渤南,渤南油田,生产中,
N-23,渤南23,EW,2020-11-10,CEP-C,渤南,渤南油田,生产中,
Z-24,渤中24,EW,2019-01-18,CEP-C,渤中,渤中油田,生产中,
Z-25,渤中25,EW,2019-02-27,CEP-C,渤中,渤中油田,生产中,
Z-26,渤中26,EW,2020-05-14,CEP-A,渤中,渤中油田,生产中,
N-24,渤南24,EW,2020-05-28,CEP-D,渤南,渤南油田,生产中,
X-21,渤西21,EW,2019-09-01,CEP-C,渤西,渤西油田,生产中,
Z-27,渤中27,EW,2019-06-06,CEP-A,渤中,渤中油田,生产中,
X-22,渤西22,EW,2020-02-14,CEP-B,渤西,渤西油田,生产中,
X-23,渤西23,EW,2020-06-28,CEP-B,渤西,渤西油田,停产,
N-25,渤南25,EW,2020-10-19,CEP-B,渤南,渤南油田,生产中,
X-24,渤西24,EW,2019-11-28,CEP-B,渤西,渤西油田,生产中,
Z-28,渤中28,EW,2019-09-22,CEP-E,渤中,渤中油田,生产中,
Z-29,渤中29,EW,2019-05-07,CEP-D,渤中,渤中油田,生产中,
Z-30,渤中30,EW,2020-09-16,CEP-B,渤中,渤中油田,生产中,
Z-31,渤中31,EW,2020-12-10,CEP-B,渤中,渤中油田,生产中,
Z-32,渤中32,EW,2019-07-15,CEP-B,渤中,渤中油田,生产中,
N-26,渤南26,EW,2019-10-09,CEP-A,渤南,渤南油田,生产中,
N-27,渤南27,EW,2019-08-05,CEP-E,渤南,渤南油田,生产中,
Z-33,渤中33,EW,2019-09-12,CEP-B,渤中,渤中油田,生产中,
X-25,渤西25,EW,2019-09-20,CEP-A,渤西,渤西油田,检修,
Z-34,渤中34,EW,2020-08-10,CEP-B,渤中,渤中油田,生产中,
X-26,渤西26,IW,2019-06-29,CEP-E,渤西,渤西油田,生产中,
Z-35,渤中35,IW,2019-07-18,CEP-A,渤中,渤中油田,生产中,
N-28,渤南28,IW,2020-01-04,CEP-E,渤南,渤南油田,生产中,
N-29,渤南29,IW,2020-10-21,CEP-D,渤南,渤南油田,生产中,
N-30,渤南30,IW,2020-03-01,CEP-A,渤南,渤南油田,生产中,
Z-36,渤中36,IW,2020-12-29,CEP-B,渤中,渤中油田,生产中,
Z-37,渤中37,IW,2019-10-19,CEP-E,渤中,渤中油田,生产中,
Z-38,渤中38,IW,2019-03-09,CEP-A,渤中,渤中油田,生产中,
Z-39,渤中39,IW,2020-03-28,CEP-C,渤中,渤中油田,生产中,
N-31,渤南31,IW,2019-12-14,CEP-B,渤南,渤南油田,生产中,
Z-40,渤中40,IW,2019-06-26,CEP-D,渤中,渤中油田,停产,
X-27,渤西27,IW,2019-12-14,CEP-E,渤西,渤西油田,生产中,
N-32,渤南32,IW,2020-04-25,CEP-C,渤南,渤南油田,生产中,
N-33,渤南33,IW,2020-12-07,CEP-C,渤南,渤南油田,生产中,
N-34,渤南34,IW,2020-07-22,CEP-C,渤南,渤南油田,生产中,
N-35,渤南35,IW,2020-01-31,CEP-A,渤南,渤南油田,检修,
X-28,渤西28,IW,2020-04-07,CEP-E,渤西,渤西油田,生产中,
N-36,渤南36,IW,2019-04-11,CEP-A,渤南,渤南油田,生产中,
Z-41,渤中41,IW,2020-05-08,CEP-C,渤中,渤中油田,生产中,
X-29,渤西29,IW,2020-12-03,CEP-A,渤西,渤西油田,生产中,
N-37,渤南37,IW,2020-12-16,CEP-B,渤南,渤南油田,生产中,
Z-42,渤中42,IW,2019-04-10,CEP-B,渤中,渤中油田,生产中,
N-38,渤南38,IW,2019-04-28,CEP-C,渤南,渤南油田,生产中,
N-39,渤南39,IW,2020-07-18,CEP-D,渤南,渤南油田,停产,
X-30,渤西30,IW,2020-11-28,CEP-B,渤西,渤西油田,生产中,
Z-43,渤中43,IW,2019-12-23,CEP-E,渤中,渤中油田,生产中,
X-31,渤西31,IW,2019-09-04,CEP-E,渤西,渤西油田,生产中,
N-40,渤南40,IW,2020-08-02,CEP-C,渤南,渤南油田,生产中,
N-41,渤南41,IW,2020-06-01,CEP-C,渤南,渤南油田,生产中,
N-42,渤南42,IW,2020-12-03,CEP-C,渤南,渤南油田,生产中,
N-43,渤南43,IW,2020-10-07,CEP-D,渤南,渤南油田,生产中,
Z-44,渤中44,IW,2019-09-17,CEP-C,渤中,渤中油田,生产中,
N-44,渤南44,IW,2020-04-24,CEP-D,渤南,渤南油田,生产中,
Z-45,渤中45,IW,2020-09-04,CEP-A,渤中,渤中油田,生产中,
