well_id,measure_type,job_date,effective_from,effective_to,incr_oil_annual
N-03,酸化,2025-09-18,2025-09-18,2026-09-06,614.47
N-04,调剖,2025-12-15,2025-12-15,2026-10-12,797.97
N-04,酸化,2026-04-09,2026-04-09,2027-02-11,1384.16
X-02,调剖,2025-09-30,,,1437.94
N-05,压裂,2025-11-12,2025-11-12,2026-10-03,1496.06
Z-02,压裂,2026-02-22,,,1199.91
Z-02,补孔,2025-12-20,2025-12-20,2026-07-29,834.14
X-03,酸化,2026-05-02,2026-05-02,2027-03-18,300.84
X-03,压裂,2025-11-12,2025-11-12,2026-10-04,1300.36
N-06,酸化,2025-12-15,2025-12-15,2026-12-12,628.39
Z-07,补孔,2025-09-21,2025-09-21,2026-05-24,1121.67
X-05,酸化,2026-04-13,2026-04-13,2026-11-06,466.1
X-05,酸化,2025-11-11,,,1345.23
X-06,调剖,2026-05-01,2026-05-01,2026-10-16,1419.01
X-07,酸化,2026-01-16,2026-01-16,2026-08-10,1018.1
X-07,酸化,2026-04-28,,,933.86
Z-10,补孔,2026-02-17,2026-02-17,2026-08-23,333.23
Z-10,压裂,2026-05-20,2026-05-20,2027-01-13,965.25
N-11,酸化,2025-09-29,2025-09-29,2026-03-02,1187.7
N-11,补孔,2026-03-09,,,858.56
X-09,补孔,2026-04-13,2026-04-13,2027-04-04,371.93
X-09,补孔,2025-12-07,2025-12-07,2026-06-24,1097.28
Z-13,调剖,2025-11-03,,,325.23
X-12,酸化,2025-12-02,,,793.81
X-12,调剖,2026-05-15,2026-05-15,2026-11-19,269.36
X-13,调剖,2026-01-15,2026-01-15,2027-01-14,616.19
N-15,酸化,2026-03-28,2026-03-28,2026-08-28,1377.03
N-15,酸化,2026-05-14,2026-05-14,2026-11-05,705.93
N-16,压裂,2026-04-17,,,874.38
N-16,压裂,2025-12-29,2025-12-29,2026-07-11,1035.02
X-15,压裂,2026-05-16,2026-05-16,2027-04-15,723.66
X-15,补孔,2026-01-27,,,951.69
X-16,补孔,2026-04-29,2026-04-29,2027-03-29,409.7
Z-17,酸化,2025-12-20,2025-12-20,2026-10-13,929.98
Z-17,补孔,2025-11-27,2025-11-27,2026-03-25,289.03
N-18,酸化,2025-11-07,2025-11-07,2026-08-07,618.28
N-19,压裂,2025-09-23,2025-09-23,2026-01-06,356.03
N-19,调剖,2025-11-17,2025-11-17,2026-09-30,908.42
N-20,压裂,2026-05-21,,,217.22
X-18,压裂,2025-10-05,2025-10-05,2026-08-08,374.52
X-20,酸化,2026-04-18,2026-04-18,2026-11-02,1459.08
Z-20,调剖,2025-12-16,,,762.18
Z-20,压裂,2026-04-08,2026-04-08,2026-07-30,1372.74
Z-21,酸化,2025-09-25,,,1046.29
Z-21,酸化,2026-02-25,2026-02-25,2026-07-10,668.76
Z-24,调剖,2026-01-14,2026-01-14,2026-05-06,899.48
Z-25,补孔,2026-01-11,2026-01-11,2026-10-11,330.62
Z-25,补孔,2026-01-19,2026-01-19,2026-06-02,836.69
Z-26,酸化,2025-12-24,2025-12-24,2026-07-19,1271.73
X-22,补孔,2026-03-16,2026-03-16,2026-08-24,619.93
X-22,压裂,2026-05-04,,,845.43
N-25,压裂,2026-01-05,,,484.07
Z-28,压裂,2025-12-09,2025-12-09,2026-12-03,484.8
Z-28,补孔,2026-04-29,2026-04-29,2026-11-25,845.22
Z-30,压裂,2025-11-05,2025-11-05,2026-06-19,1419.46
Z-30,调剖,2026-03-24,2026-03-24,2027-01-01,265.61
N-26,酸化,2026-03-25,2026-03-25,2026-07-07,1473.43
Z-33,调剖,2026-04-09,2026-04-09,2026-08-14,316.91
X-25,补孔,2025-12-31,,,392.67
