well_id,overhaul_start,overhaul_end,overhaul_type,affected_output,batch_id
N-01,2026-05-24,2026-05-31,换封隔器,126.17,20260524-T1
Z-02,2026-04-18,2026-04-23,清防砂,78.79,20260418-T3
X-03,2025-10-01,2025-10-13,检泵,353.92,20251001-T3
Z-07,2025-11-02,2025-11-13,清防砂,351.69,20251102-T3
Z-11,2025-12-17,2025-12-19,其他作业,39.0,20251217-T3
X-12,2025-11-25,2025-12-06,换封隔器,270.68,20251125-T1
N-14,2026-01-14,2026-01-21,换封隔器,153.88,20260114-T3
Z-17,2026-03-23,2026-03-24,其他作业,28.79,20260323-T1
N-18,2026-05-27,2026-06-09,清防砂,301.64,20260527-T1
X-18,2025-11-03,2025-11-14,检泵,292.82,20251103-T1
X-20,2026-04-26,2026-05-03,检泵,112.61,20260426-T1
Z-25,2026-05-03,2026-05-06,其他作业,97.63,20260503-T1
Z-29,2026-02-24,2026-02-27,其他作业,53.79,20260224-T1
Z-33,2025-10-10,2025-10-24,其他作业,202.69,20251010-T1
Z-40,2025-10-09,2025-10-23,清防砂,0.0,20251009-T1
N-34,2025-12-02,2025-12-13,其他作业,0.0,20251202-T1
N-37,2026-07-19,2026-07-20,清防砂,0.0,20260719-T3
N-39,2025-10-25,2025-10-28,换封隔器,0.0,20251025-T1
X-30,2025-10-09,2025-10-15,换封隔器,0.0,20251009-T1
